läpituuli,/ˈlæpiˌtuːli/
syleskellä,/ˈsyleskelːæ/
mahuttaa,/ˈmɑhutːɑː/
pyhittää,/ˈpyhitːæː/
enne,/ˈenːe/
korppi,/ˈkorpːi/
härkin,/ˈhærkin/
antaa käpälää,/ˈɑntɑː ˈkæpælæː/
zooparkka,/ˈzo.oˌpɑrkːɑ/
neljänurkkain,/ˈneljæˌnurkːɑi̯ne/
saha,/ˈsɑhɑ/
kupelileipä,/ˈkupeliˌlei̯pæ/
lounattaissa,/ˈlou̯nɑtːɑi̯sːɑ/
ystävä,/ˈystæʋæ/
melkeen,/ˈmelkeːn/
sentää,/ˈsentæː/
jalka,/ˈjɑlkɑ/
paukata läätä,/ˈpɑu̯kɑtɑ ˈlæ.ætæ/
peentara,/ˈpeːntɑrɑ/
tallukkain,/ˈtɑlːukːɑi̯ne/
eelus,/ˈeːlus/
kangassammal,/ˈkɑŋɡɑsˌsɑmːɑl/
keeropäre,/ˈkeːroˌpære/
kurtella,/ˈkurtelːɑ/
joelt,/ˈjoeltɑ/
vihmoja,/ˈʋihmojɑ/
tiippain,/ˈtiːpːɑi̯ne/
gadjukka,/ˈɡɑdʲukːɑ/
kaglasooni,/ˈkɑɡlɑˌsoːni/
enemp,/ˈenempi/
toomain,/ˈtoːmɑi̯ne/
ensimässarki,/ˈensimæsˌsɑrki/
tina,/ˈtinɑ/
mättyisi,/ˈmætːyi̯si/
kukkoro,/ˈkukːoro/
päähkänämetsä,/ˈpæːhkænæˌmet͡sæ/
kanini,/ˈkɑnini/
merkitökselliin,/ˈmerkitøkselːine/
komissa,/ˈkomisːɑ/
jurma,/ˈjurmɑ/
puuvilla,/ˈpuːˌʋilːɑ/
haapaseeni,/ˈhɑːpɑˌseːni/
onni,/ˈonːi/
muistaa,/ˈmui̯stɑː/
sormi,/ˈsormi/
härkä,/ˈhærkæ/
koivuin,/ˈkoi̯ʋui̯ne/
millain,/ˈmilːɑi̯ne/
ensipäivä,/ˈensiˌpæi̯ʋæ/
jožikka,/ˈjoʒikːɑ/
tukkia,/ˈtukːiɑ/
kutsumus,/ˈkut͡sumus/
liivamaa,/ˈliːʋɑˌmɑː/
poimipuikko,/ˈpoi̯miˌpui̯kːo/
suuto,/ˈsuːto/
nälkä,/ˈnælkæ/
inmihiin,/ˈin.mihine/
palokas,/ˈpɑlokɑs/
molemmat,/ˈmolemːɑt/
jussikko,/ˈjusːikːo/
äkkistää,/ˈækːistæː/
rannikko,/ˈrɑnːikːo/
syksähtää,/ˈsyksæhtæː/
postinkantaja,/ˈpostinˌkɑntɑjɑ/
koltslogain,/ˈkoltˌsloɡɑi̯ne/
naappojain,/ˈnɑːpːojɑi̯ne/
hailiverkko,/ˈhɑi̯liˌʋerkːo/
peeniks,/ˈpeːnikse/
takku,/ˈtɑkːu/
alkuperä,/ˈɑlkuˌperæ/
leipää,/ˈlei̯pæː/
pätkä,/ˈpætkæ/
äänioppi,/ˈæːniˌopːi/
helähtää,/ˈhelæhtæː/
vahtia,/ˈʋɑhtiɑ/
tabuna,/ˈtɑbunɑ/
järvi,/ˈjærʋi/
vilkahtaa,/ˈʋilkɑhtɑː/
lusikkarooka,/ˈlusikːɑˌroːkɑ/
nevvoa,/ˈneʋːoɑ/
botsmani,/ˈbot͡smɑni/
naulocka,/ˈnɑu̯lot͡ʃkɑ/
ehtiä,/ˈehtiæ/
päähkenä,/ˈpæːhkenæ/
maakkoin,/ˈmɑːkːoi̯ne/
papu,/ˈpɑpu/
kutuhaili,/ˈkutuˌhɑi̯li/
kumma,/ˈkumːɑ/
nurkka,/ˈnurkːɑ/
sortua,/ˈsortuɑ/
faabrikka,/ˈfɑːbrikːɑ/
greecinain,/ˈɡreːt͡ʃinɑi̯ne/
villanahka,/ˈʋilːɑˌnɑhkɑ/
ihmetellä,/ˈihmetelːæ/
maapökkö,/ˈmɑːˌpøkːø/
katkiissa,/ˈkɑtkiːsːɑ/
noisu,/ˈnoi̯su/
sojuza,/ˈsojuzɑ/
lutistaa,/ˈlutistɑː/
atlassi,/ˈɑtlɑsːi/
hiljaa,/ˈhiljɑː/
itkuin,/ˈitkui̯ne/
kiintiä,/ˈkiːntiæ/
glasi,/ˈɡlɑsi/
kirnu,/ˈkirnu/
säkki,/ˈsækːi/
kynty,/ˈkynty/
tauti,/ˈtɑu̯ti/
raijona,/ˈrɑi̯jonɑ/
erittäissä,/ˈeritˌtæi̯sːæ/
tsementti,/ˈt͡sementːi/
päälimäin,/ˈpæːlimæi̯ne/
jumala jyrissöö,/ˈjumɑlɑ ˈjyrisːøː/
vannepyssy,/ˈʋɑnːeˌpysːy/
beekki,/ˈbeːkːi/
törkkä,/ˈtørkːæ/
taikina,/ˈtɑi̯kinɑ/
orasrooho,/ˈorɑsˌroːho/
vesimylly,/ˈʋesiˌmylːy/
korpiniitty,/ˈkorpiˌniːtːy/
tökötti,/ˈtøkøtːi/
bygrä,/ˈbyɡræ/
kliimatta,/ˈkliːmɑtːɑ/
karstavoije,/ˈkɑrstɑˌʋoi̯je/
taariastia,/ˈtɑːriˌɑstiɑ/
kili,/ˈkili/
drofa,/ˈdrofɑ/
svanetia,/ˈsʋɑnetiɑ/
kivilooto,/ˈkiʋiˌloːto/
niin,/ˈniːn/
panki,/ˈpɑŋki/
pööriä,/ˈpøːriæ/
koskelo,/ˈkoskelo/
mööhässellä,/ˈmøːhæsːelːæ/
sezonnoi,/ˈsezonːoi̯/
aimastaa,/ˈɑi̯mɑstɑː/
loovva,/ˈloːʋːɑ/
tiukata,/ˈtiu̯kɑtɑ/
siitä,/ˈsi.itæ/
siitiä,/ˈsiːtiæ/
rautain,/ˈrɑu̯tɑi̯ne/
grььzi,/ˈɡrɨːzi/
tuulla,/ˈtuːlːɑ/
kujal,/ˈkujɑlːɑ/
silmä,/ˈsilmæ/
aatuttaa,/ˈɑːtutːɑː/
manja,/ˈmɑnʲɑ/
perekunta,/ˈpereˌkuntɑ/
hirvihavvat,/ˈhirʋiˌhɑʋːɑt/
vyyhti,/ˈʋyːhti/
jalustimet,/ˈjɑlustimet/
rikassos,/ˈrikɑsːos/
hänelle,/ˈhænelːe/
lello,/ˈlelːo/
kalla,/ˈkɑlːɑ/
pisara,/ˈpisɑrɑ/
silloin,/ˈsilːoi̯n/
mäekäs,/ˈmæekæs/
hamara,/ˈhɑmɑrɑ/
poroda,/ˈporodɑ/
äijäpäiväöö,/ˈæi̯jæˌpæi̯ʋæˌøː/
sokko,/ˈsokːo/
nagratella,/ˈnɑɡrɑtelːɑ/
arassutella,/ˈɑrɑsːutelːɑ/
käkättää,/ˈkækætːæː/
koristaa,/ˈkoristɑː/
šimpanze,/ˈʃimpɑnze/
peen otava,/ˈpeːni ˈotɑʋɑ/
kukkua,/ˈkukːuɑ/
häkä,/ˈhækæ/
tänäpäiväin,/ˈtænæˌpæi̯ʋæi̯ne/
kus,/ˈkusːɑ/
siityä,/ˈsiːtyæ/
soglasnoi,/ˈsoɡlɑsnoi̯/
vennänoora,/ˈʋenːæˌnoːrɑ/
hopiain,/ˈhopi.ɑi̯ne/
muu,/ˈmuː/
jyrähtää,/ˈjyræhtæː/
onnetoin,/ˈonːetoi̯n/
pärehiin,/ˈpærehine/
aroittaa,/ˈɑroi̯tːɑː/
merensuu,/ˈmerenˌsuː/
tulilintu,/ˈtuliˌlintu/
taritsija,/ˈtɑrit͡sijɑ/
tasanko,/ˈtɑsɑŋko/
keltavästö,/ˈkeltɑˌʋæstø/
luukas,/ˈluːkɑs/
männöö,/ˈmænøː/
hattara,/ˈhɑtːɑrɑ/
auki,/ˈɑu̯ki/
levätä,/ˈleʋætæ/
obižoittaa,/ˈobiʒoi̯tːɑː/
pojintima,/ˈpojintimɑ/
seisahtaissa,/ˈsei̯sɑhtɑi̯sːɑ/
vuhissa,/ˈʋuhisːɑ/
penger,/ˈpeŋɡer/
salvata,/ˈsɑlʋɑtɑ/
griuna,/ˈɡriu̯nɑ/
rohottaa,/ˈrohotːɑː/
kerttää,/ˈkertːæː/
groba,/ˈɡrobɑ/
tehnikuma,/ˈtehnikumɑ/
äärimäin,/ˈæːrimæi̯ne/
mygrä,/ˈmyɡræ/
sooboli,/ˈsoːboli/
ennen,/ˈenːen/
örinä,/ˈørinæ/
kulppa,/ˈkulpːɑ/
odrasuurimikko,/ˈodrɑˌsuːrimikːo/
peräjälkiä,/ˈperæˌjælkiæ/
batrakka,/ˈbɑtrɑkːɑ/
kärttyä,/ˈkærtːyæ/
voljnoi,/ˈʋolʲnoi̯/
garmonia,/ˈɡɑrmoneː/
madagaskara,/ˈmɑdɑɡɑskɑrɑ/
vaihtua,/ˈʋɑi̯htuɑ/
helmiin,/ˈhelmine/
vihmamatokkain,/ˈʋihmɑˌmɑtokːɑi̯n/
kirjava mato,/ˈkirjɑʋɑ ˈmɑto/
titova,/ˈtitoʋɑ/
cislasana,/ˈt͡ʃislɑˌsɑnɑ/
kolminurkkain,/ˈkolmiˌnurkːɑi̯ne/
mutaisikko,/ˈmutɑi̯sikːo/
kuttoa,/ˈkutoɑ/
kenen,/ˈkenen/
ramopytky,/ˈrɑmoˌpytky/
kuruli,/ˈkuruli/
laaku,/ˈlɑːku/
neelo,/ˈneːlo/
avstralia,/ˈɑʋstrɑliɑ/
leskinain,/ˈleskiˌnɑi̯ne/
toin sormi,/ˈtoi̯ne ˈsormi/
apaja,/ˈɑpɑjɑ/
kossia,/ˈkosiɑ/
eus,/ˈe.us/
mummukkain,/ˈmumːukːɑi̯ne/
kylpyvasta,/ˈkylpyˌʋɑstɑ/
tanvas,/ˈtɑnɑʋɑ/
kirjailija,/ˈkirjɑi̯lijɑ/
kosikkivers,/ˈkosikːiˌʋers/
potkuri,/ˈpotkuri/
eik,/ˈei̯kæ/
guljanja,/ˈɡulʲɑnjɑ/
kurissa,/ˈkurisːɑ/
meeseläjä,/ˈmeːsˌelæjæ/
käsiraha,/ˈkæsiˌrɑhɑ/
nagriskapusta,/ˈnɑɡrisˌkɑpustɑ/
iltanna,/ˈiltɑnːɑ/
enneppäin,/ˈenːepˌpæi̯ne/
naaglan,/ˈnɑːɡlɑn/
murheelliin,/ˈmureːlːine/
adra,/ˈɑdrɑ/
moisio,/ˈmoi̯sjo/
oo terve,/ˈoː ˈterʋe/
rajal,/ˈrɑjɑlːɑ/
tontikkain,/ˈtontikːɑi̯ne/
rovnoi,/ˈroʋnoi̯/
itettää,/ˈitetːæː/
meikäläin,/ˈmei̯kælæi̯ne/
afrikka,/ˈɑfrikːɑ/
tulikerä,/ˈtuliˌkeræ/
joutava aika,/ˈjou̯tɑʋɑ ˈɑi̯kɑ/
krookkaa,/ˈkroːkːɑː/
jyry,/ˈjyry/
taekoorma,/ˈtɑeˌkoːrmɑ/
raakamateriala,/ˈrɑːkɑˌmɑteriɑlɑ/
vingerrellä,/ˈʋiŋɡerːelːæ/
kala,/ˈkɑlɑ/
sen,/ˈsen/
harvoin,/ˈhɑrʋoi̯n/
hootava,/ˈhoːtɑʋɑ/
gidrostantsia,/ˈɡidroˌstɑnt͡siɑ/
saarenhattu,/ˈsɑːrenˌhɑtːu/
kui,/ˈkui̯/
söötellä,/ˈsøːtelːæ/
poljša,/ˈpolʲʃɑ/
pinta,/ˈpintɑ/
pistää,/ˈpistæː/
helmusti,/ˈhelmusti/
automobili,/ˈɑu̯tomobili/
pakko,/ˈpɑkːo/
imikkohyle,/ˈimikːoˌhyle/
leemetä,/ˈleːmetæ/
äijä,/ˈæi̯jæ/
tärkähtää,/ˈtærkæhtæː/
armimain,/ˈɑrmimɑi̯ne/
kust,/ˈkust/
meijet,/ˈmei̯jet/
aikoo,/ˈɑi̯koː/
pluuga,/ˈpluːɡɑ/
politsa,/ˈpolit͡sɑ/
kristavoittaa,/ˈkristɑʋoi̯tːɑː/
painopuu,/ˈpɑi̯noˌpuː/
jäin,/ˈjæi̯ne/
revittää,/ˈreʋitːæː/
silmähammas,/ˈsilmæˌhɑmːɑs/
leikattu,/ˈlei̯kɑtːu/
matkapooli,/ˈmɑtkɑˌpoːli/
kapsoli,/ˈkɑpsoli/
väry,/ˈʋæry/
palain,/ˈpɑlɑi̯ne/
tiito,/ˈtiːto/
elä,/ˈelæ/
nii,/ˈniː/
rikas,/ˈrikɑs/
strela,/ˈstrelɑ/
vähätiitoin,/ˈʋæhæˌtiːtoi̯ne/
lako,/ˈlɑko/
rooka,/ˈroːkɑ/
liivamätäs,/ˈliːʋɑˌmætæs/
ompelostöö,/ˈompelosˌtøː/
pistoletti,/ˈpistoletːi/
politsia,/ˈpolit͡siɑ/
hapata,/ˈhɑpɑtɑ/
levvyys,/ˈleʋyːs/
tikanpesä,/ˈtikɑnˌpesæ/
selys,/ˈselys/
jokapäiväin,/ˈjokɑˌpæi̯ʋæi̯ne/
jos,/ˈjos/
permu,/ˈpermu/
stepo,/ˈstepo/
nimipäivä,/ˈnimiˌpæi̯ʋæ/
keski-,/ˈkeski-/
hummer,/ˈhumːer/
notkua,/ˈnotkuɑ/
aikaa,/ˈɑi̯kɑː/
reunimain,/ˈreu̯nimɑi̯ne/
tila,/ˈtilɑ/
tööasu,/ˈtøːˌɑsu/
mehetöin,/ˈmehetøi̯n/
pilvekäs,/ˈpilʋekæs/
puristaa,/ˈpuristɑː/
toisenlaajain,/ˈtoi̯senˌlɑːjɑi̯ne/
posti,/ˈposti/
uuvvin,/ˈuːʋːin/
syksyyl,/ˈsyksylːæ/
puuha,/ˈpuːhɑ/
nuuhkia,/ˈnuːhkiɑ/
vesseläst,/ˈʋesːelæstæ/
hörkkä,/ˈhørkːæ/
merihärkä,/ˈmeriˌhærkæ/
plaanu,/ˈplɑːnu/
tulokas,/ˈtulokɑs/
rove,/ˈroʋe/
munalukku,/ˈmunɑˌlukːu/
taivas,/ˈtɑi̯ʋɑs/
mainia,/ˈmɑi̯niɑ/
kulttuura,/ˈkultːuːrɑ/
naaskali,/ˈnɑːskɑli/
teelehti,/ˈteːˌlehti/
maasloja,/ˈmɑːˌslojɑ/
štoopata,/ˈʃtoːpɑtɑ/
rangaissa,/ˈrɑŋɡɑi̯sːɑ/
toivoa,/ˈtoi̯ʋoɑ/
alatasanko,/ˈɑlɑˌtɑsɑŋko/
vihmakaarto,/ˈʋihmɑˌkɑːrto/
jot,/ˈjot/
koolleentöö,/ˈkoːlːeːnˌtøː/
valo,/ˈʋɑlo/
aluhame,/ˈɑluˌhɑme/
töri,/ˈtøri/
vesikulli,/ˈʋesiˌkulːi/
pulska,/ˈpulskɑ/
elellä,/ˈelelːæ/
konskaa,/ˈkonskɑː/
merielokas,/ˈmeriˌelokɑs/
voituin,/ˈʋoi̯tui̯ne/
rinnaal,/ˈrinːɑlːɑ/
koulu,/ˈkou̯lu/
maanpääliin,/ˈmɑːnˌpæːline/
haara,/ˈhɑːrɑ/
alakuloin,/ˈɑlɑˌkuloi̯ne/
nälkänoita,/ˈnælkæˌnoi̯tɑ/
neljäskymmenäs,/ˈneljæsˌkymːenæs/
bomba,/ˈbombɑ/
polkka,/ˈpolkːɑ/
kärsiä,/ˈkærsiæ/
tahkoissa,/ˈtɑhkoi̯sːɑ/
iimenaiset,/ˈiːmenɑi̯set/
uuttuleipä,/ˈuːtːuˌlei̯pæ/
ruisriihi,/ˈru.isˌriːhi/
raamattu,/ˈrɑːmɑtːu/
kagrariihi,/ˈkɑɡrɑˌriːhi/
otsatoin,/ˈot͡sɑtoi̯n/
piirakkoihe,/ˈpiːrɑkːoi̯sːe/
hyvin,/ˈhyʋin/
läns-fenniläin,/ˈlænsˌfenːilæi̯ne/
olivat,/ˈoliʋɑt/
kultaharja,/ˈkultɑˌhɑrjɑ/
jaala,/ˈjɑːlɑ/
lankain,/ˈlɑŋkɑi̯ne/
sliivipuu,/ˈsliːʋiˌpuː/
ihastua,/ˈihɑstuɑ/
kehnontua,/ˈkehnontuɑ/
kello,/ˈkelːo/
hana,/ˈhɑnɑ/
seelt,/ˈseːltæ/
etelä,/ˈetelæ/
kirkkokirja,/ˈkirkːoˌkirjɑ/
saatto,/ˈsɑːtːo/
keskinäin,/ˈkeskinæi̯ne/
vetka,/ˈʋetkɑ/
na,/ˈnɑ/
hiljaksee,/ˈhiljɑkseː/
eglen,/ˈeɡlen/
clena,/ˈt͡ʃlenɑ/
reis,/ˈrekisːæ/
tupa,/ˈtupɑ/
kolkutella,/ˈkolkuˌtelːɑ/
mutka,/ˈmutkɑ/
heikko,/ˈhei̯kːo/
rantaliiva,/ˈrɑntɑˌliːʋɑ/
kuvittamiin,/ˈkuʋitːɑmine/
mahlakas,/ˈmɑhlɑkɑs/
matalus,/ˈmɑtɑlus/
lasku,/ˈlɑsku/
ruttoo,/ˈrutːoː/
elohiiri,/ˈeloˌhiːri/
rätti,/ˈrætːi/
struktura,/ˈstrukturɑ/
hukka,/ˈhukːɑ/
iho,/ˈiho/
stroitelstva,/ˈstro.itelstʋɑ/
viimäin,/ˈʋiːmæi̯ne/
kvadraatta,/ˈkʋɑdrɑːtːɑ/
maitohammas,/ˈmɑi̯toˌhɑmːɑs/
tedrinmuna,/ˈtedrinˌmunɑ/
jalal,/ˈjɑlɑlːɑ/
kalina,/ˈkɑlinɑ/
narria,/ˈnɑrːiɑ/
metso,/ˈmet͡so/
vesikko,/ˈʋesikːo/
jäävvä,/ˈjæːʋːæ/
veel kerran,/ˈʋeːl ˈkerːɑn/
retukoma,/ˈretuˌkomɑ/
piikahtaa,/ˈpiːkɑhtɑː/
itse,/ˈit͡se/
bardakka,/ˈbɑrdɑkːɑ/
siitnikka,/ˈsiːtnikːɑ/
erittäin,/ˈeritːæi̯n/
päivännoisu,/ˈpæi̯ʋænˌnoi̯su/
vastumain,/ˈʋɑstumɑi̯ne/
jäntsähtää,/ˈjænt͡sæhtæː/
kehittää,/ˈkehitːæː/
opastaa,/ˈopɑstɑː/
äky,/ˈæky/
rangastaa,/ˈrɑŋɡɑstɑː/
toitto,/ˈtoi̯tːo/
koirantöö,/ˈkoi̯rɑnˌtøː/
hukkahua,/ˈhukːɑhuɑ/
seemenvoi,/ˈseːmenˌʋoi̯/
piirakkoinna,/ˈpiːrɑkːoi̯nːɑ/
mussikki,/ˈmusːikːi/
uus,/ˈu.usːɑ/
hörhöläin,/ˈhørølæi̯ne/
hovilain,/ˈhoʋilɑi̯ne/
köyhä,/ˈkøy̯hæ/
sika,/ˈsikɑ/
purra,/ˈpurːɑ/
noska,/ˈnoskɑ/
jauhaa,/ˈjɑu̯hɑː/
sulka,/ˈsulkɑ/
tasain,/ˈtɑsɑi̯ne/
garmanššikka,/ˈɡɑrmɑnʃːikːɑ/
pahkoma,/ˈpɑhkomɑ/
min,/ˈmin/
korva,/ˈkorʋɑ/
vallaa,/ˈʋɑlɑː/
oppia,/ˈopːiɑ/
inkerikko,/ˈiŋkerikːo/
käpälä,/ˈkæpælæ/
lypsö,/ˈlypsø/
uulitsalle,/ˈuːlit͡sɑlːe/
nenähooku,/ˈnenæˌhoːku/
samoin,/ˈsɑmoi̯n/
noorikko,/ˈnoːrikːo/
tuisata,/ˈtui̯sɑtɑ/
heittää,/ˈhei̯tːæː/
puin,/ˈpui̯ne/
hämärä,/ˈhæmæræ/
kotikyyhkyläin,/ˈkotiˌkyːhkylæi̯ne/
maarilauta,/ˈmɑːriˌlɑu̯tɑ/
olenisovhoza,/ˈoleniˌsoʋhozɑ/
erota,/ˈerotɑ/
pihlajamarja,/ˈpihlɑjɑˌmɑrjɑ/
tundra,/ˈtundrɑ/
hupelo,/ˈhupelo/
syy,/ˈsyː/
kuponi,/ˈkuponi/
eisimessarki,/ˈei̯simesˌsɑrki/
žiidalain,/ˈʒiːdɑlɑi̯ne/
herissyttää,/ˈherisːytːæː/
pihloja,/ˈpihlojɑ/
korolintu,/ˈkoroˌlintu/
kuningas,/ˈkuniŋɡɑs/
kokki,/ˈkokːi/
läätä,/ˈlæ.ætæ/
risuittaa,/ˈrisui̯tːɑː/
läsy,/ˈlæsy/
ujuttaa,/ˈujutːɑː/
tarve,/ˈtɑrʋe/
kaheksan,/ˈkɑheksɑn/
jaani,/ˈjɑːni/
olenikolhoza,/ˈoleniˌkolhozɑ/
tykky,/ˈtykːy/
nentsa,/ˈnent͡sɑ/
poro,/ˈporo/
munanvalkulain,/ˈmunɑnˌʋɑlkulɑi̯ne/
kamppania,/ˈkɑmpːɑniɑ/
vassoin,/ˈʋɑsːoi̯n/
toorekas,/ˈtoːrekɑs/
kovast,/ˈkoʋɑstɑ/
saksankuusi,/ˈsɑksɑnˌkuːsi/
arastua,/ˈɑrɑstuɑ/
nagres,/ˈnɑɡres/
lunastaa,/ˈlunɑstɑː/
duumata,/ˈduːmɑtɑ/
onkia,/ˈoŋkiɑ/
meritähti,/ˈmeriˌtæhti/
katuška,/ˈkɑtuʃkɑ/
konservazavoda,/ˈkonserʋɑˌzɑʋodɑ/
tämänpäiväin,/ˈtæmænˌpæi̯ʋæi̯ne/
ilmahtua,/ˈilmɑhtuɑ/
tuntia,/ˈtuntiɑ/
varistamiin,/ˈʋɑristɑmine/
valvoa,/ˈʋɑlʋoɑ/
toppoli,/ˈtopːoli/
vennää,/ˈʋenæː/
astia,/ˈɑstiɑ/
pesä,/ˈpesæ/
soomalain,/ˈsoːmɑlɑi̯ne/
siipiverkko,/ˈsiːpiˌʋerkːo/
kärkki,/ˈkærkːi/
viskoa,/ˈʋiskoɑ/
konjokka,/ˈkonʲokːɑ/
sekametsä,/ˈsekɑmet͡sæ/
tunniin,/ˈtunːiːn/
teräksiin,/ˈteræksine/
dobra,/ˈdobrɑ/
eno,/ˈeno/
lahja,/ˈlɑhjɑ/
postpositsia,/ˈpostposit͡siɑ/
tuhkapää,/ˈtuhkɑˌpæː/
taetoin,/ˈtɑetoi̯n/
vökö,/ˈʋøkø/
hatakka,/ˈhɑtɑkːɑ/
šuuba,/ˈʃuːbɑ/
vajota,/ˈʋɑjotɑ/
verestää,/ˈʋerestæː/
kylki,/ˈkylki/
voimakas,/ˈʋoi̯mɑkɑs/
pilotta,/ˈpilotːɑ/
ižoran,/ˈiʒorɑn/
kukikas,/ˈkukikɑs/
bäkättää,/ˈbækætːæː/
sappi,/ˈsɑpːi/
garmonššikka,/ˈɡɑrmonʃːikːɑ/
lisättävä,/ˈlisætːæʋæ/
ruskettua,/ˈrusketːuɑ/
lens,/ˈlensi/
leipoa,/ˈlei̯poɑ/
kohta,/ˈkohtɑ/
jumaliin,/ˈjumɑline/
eroitella,/ˈeroi̯telːɑ/
harkkamus,/ˈhɑrkːɑmus/
poikalaps,/ˈpoi̯kɑˌlɑps/
jäniksenkäpälä,/ˈjæniksenˌkæpælæ/
lauri,/ˈlɑu̯ri/
maaherra,/ˈmɑːˌherːɑ/
hautapeentara,/ˈhɑu̯tɑˌpeːntɑrɑ/
mukertaa söövvä,/ˈmukertɑː ˈsøːʋːæ/
pökköheinä,/ˈpøkːøˌhei̯næ/
katsella,/ˈkɑt͡selːɑ/
länsilounat,/ˈlænsiˌlou̯nɑt/
cukca,/ˈt͡ʃukt͡ʃɑ/
toissarki,/ˈtoi̯sˌsɑrki/
maamunavelli,/ˈmɑːmunɑˌʋelːi/
pärttyli,/ˈpærtːyli/
huima,/ˈhui̯mɑ/
rikastua,/ˈrikɑstuɑ/
no,/ˈno/
pulmaaika,/ˈpulmɑˌɑi̯kɑ/
eelle,/ˈe.elːe/
ramonäpykkä,/ˈrɑmoˌnæpykːæ/
vast,/ˈʋɑstɑ/
rinnoittaa,/ˈrinːoi̯tːɑː/
sopottaa,/ˈsopotːɑː/
votka,/ˈʋotkɑ/
sivuluu,/ˈsiʋuˌluː/
taikinamarjapehko,/ˈtɑi̯kinɑˌmɑrjɑˌpehko/
paltti,/ˈpɑltːi/
nesse,/ˈnesːe/
toe,/ˈtoe/
rihmasoola,/ˈrihmɑˌsoːlɑ/
mäki,/ˈmæki/
koohu,/ˈkoːhu/
kommunisticeskoi,/ˈkomːunisˌtit͡ʃeskoi̯/
yksmaštiin,/ˈyksˌmɑʃtine/
kammari,/ˈkɑmːɑri/
parahodi,/ˈpɑrɑhodi/
mööt,/ˈmøːt/
aaloi,/ˈɑːloi̯/
štaatta,/ˈʃtɑːtːɑ/
yksikkö,/ˈyksikːø/
ankkuriis,/ˈɑŋkːurisːɑ/
viina,/ˈʋiːnɑ/
jelena,/ˈjelenɑ/
maitopata,/ˈmɑi̯toˌpɑtɑ/
veiterä,/ˈʋei̯teræ/
bukvari,/ˈbukʋɑri/
höblä,/ˈhøblæ/
kahle,/ˈkɑhle/
makara,/ˈmɑkɑrɑ/
öksyttää,/ˈøksytːæː/
perta,/ˈpertɑ/
lakki,/ˈlɑkːi/
luun,/ˈluːn/
huiskia,/ˈhui̯skiɑ/
tarvita,/ˈtɑrʋitɑ/
pooliöö,/ˈpoːliˌøː/
mallas,/ˈmɑlːɑs/
painutos,/ˈpɑi̯nutos/
kukkakapusta,/ˈkukːɑˌkɑpustɑ/
alkua,/ˈɑlkuɑ/
ehkä,/ˈehkæ/
kotisarka,/ˈkotiˌsɑrkɑ/
piirakoilt,/ˈpiːrɑkoi̯ltɑ/
passi,/ˈpɑsːi/
keertää,/ˈkeːrtæː/
varastaa,/ˈʋɑrɑstɑː/
seppä,/ˈsepːæ/
lookka,/ˈloːkːɑ/
patalusikka,/ˈpɑtɑˌlusikːɑ/
korkiasaari,/ˈkorkiɑˌsɑːri/
täält,/ˈtæːltæ/
kulmakarva,/ˈkulmɑˌkɑrʋɑ/
sija,/ˈsijɑ/
atu,/ˈɑtu/
miks,/ˈmikse/
orko,/ˈorko/
kus siä elät?,/ˈkus ˈsiæ̯ ˈelæt/
kirjasuma,/ˈkirjɑˌsumɑ/
isä,/ˈisæ/
veitsi,/ˈʋei̯t͡si/
hirvi,/ˈhirʋi/
ruumis,/ˈruːmis/
nopo,/ˈnopo/
gorilla,/ˈɡorilːɑ/
pihlaja,/ˈpihlɑjɑ/
katsalain,/ˈkɑt͡sɑlɑi̯ne/
raspiitti,/ˈrɑspiːtːi/
sytyttää,/ˈsytytːæː/
maariankoivu,/ˈmɑːriɑnˌkoi̯ʋu/
leipäkasvo,/ˈlei̯pæˌkɑsʋo/
mitä kuuluu?,/ˈmitæ ˈkuːluː/
tappelu,/ˈtɑpːelu/
šulkkupolle,/ˈʃulkːuˌpolːe/
jalaja,/ˈjɑlɑjɑ/
loimirihma,/ˈloi̯miˌrihmɑ/
kupata,/ˈkupɑtɑ/
panka,/ˈpɑŋkɑ/
kuvemuna,/ˈkuʋeˌmunɑ/
ciižikka,/ˈt͡ʃiːʒikːɑ/
lampocka,/ˈlɑmpot͡ʃkɑ/
jalkatauti,/ˈjɑlkɑˌtɑu̯ti/
korvalappu,/ˈkorʋɑˌlɑpːu/
tuulenpesä,/ˈtuːlenˌpesæ/
sesläkormuna,/ˈseslæˌkormunɑ/
ajaja,/ˈɑjɑjɑ/
tiukkaa,/ˈtiu̯kːɑː/
voiseeni,/ˈʋoi̯ˌseːni/
aivan,/ˈɑi̯ʋɑn/
herra,/ˈherːɑ/
hypätä,/ˈhypætæ/
naaglia,/ˈnɑːɡliɑ/
nenärätti,/ˈnenæˌrætːi/
miikkulanaatto,/ˈmiːkːulɑnˌɑːtːo/
pursuttaa,/ˈpursutːɑː/
pykämä,/ˈpykæmæ/
itkuri,/ˈitkuri/
sopulikas,/ˈsopulikɑs/
punapää,/ˈpunɑˌpæː/
vaateaitta,/ˈʋɑːteˌɑi̯tːɑ/
kaappi,/ˈkɑːpːi/
ah,/ˈɑh/
meinata,/ˈmei̯nɑtɑ/
tiltukas,/ˈtiltukɑs/
leskimees,/ˈleskiˌmeːs/
uhkia,/ˈuhkiɑ/
voitaa,/ˈʋoi̯tɑː/
pärnä,/ˈpærnæ/
vihata,/ˈʋihɑtɑ/
umpi-,/ˈumpi-/
ykstoist,/ˈykstoi̯stɑ/
piho,/ˈpiho/
olena,/ˈolenɑ/
epässyttää,/ˈepæsːytːæː/
sukulain,/ˈsukulɑi̯ne/
rummu,/ˈrumːu/
naapurikeeli,/ˈnɑːpuriˌkeːli/
jauhakivi,/ˈjɑu̯hɑˌkiʋi/
kapja,/ˈkɑbjɑ/
rakottua,/ˈrɑkotːuɑ/
arkirooka,/ˈɑrkiˌroːkɑ/
kotilintu,/ˈkotiˌlintu/
pussi,/ˈpusːi/
pytty,/ˈpytːy/
uskomatoin,/ˈuskomɑtoi̯n/
taas,/ˈtɑːs/
meisteri,/ˈmei̯steri/
hakuli,/ˈhɑkuli/
lumitormi,/ˈlumiˌtormi/
vesiemä,/ˈʋesiˌemæ/
epäsurma,/ˈepæˌsurmɑ/
avveta,/ˈɑʋːetɑ/
sittapöröläin,/ˈsitːɑˌpørølæi̯ne/
taale,/ˈtɑːle/
pääjuuri,/ˈpæːˌjuːri/
pikkaruikkuin,/ˈpikːɑrui̯kːui̯ne/
ensimäin,/ˈensimæi̯ne/
tanja,/ˈtɑnʲɑ/
venemeisteri,/ˈʋeneˌmei̯steri/
pettopiimä,/ˈpetːoˌpiːmæ/
niiska,/ˈniːskɑ/
mailma,/ˈmɑi̯lmɑ/
aikoin-taikoin,/ˈɑi̯koi̯n ˈtɑi̯koi̯n/
sanomiin,/ˈsɑnomiːn/
voimuro,/ˈʋoi̯ˌmuro/
kukkura,/ˈkukːurɑ/
syvvyys,/ˈsyʋyːs/
oikii,/ˈoi̯kiː/
cernila,/ˈt͡ʃernilɑ/
lava,/ˈlɑʋɑ/
helmi,/ˈhelmi/
homehtua,/ˈhomehtuɑ/
pääskylintu,/ˈpæːskyˌlintu/
änkkelä,/ˈæŋkːelæ/
hoito,/ˈhoi̯to/
seinä,/ˈsei̯næ/
sisäpooli,/ˈsisæˌpoːli/
home,/ˈhome/
rakentaa,/ˈrɑkentɑː/
perä,/ˈperæ/
vaapukkapehko,/ˈʋɑːpukːɑˌpehko/
liittyä,/ˈliːtːyæ/
peukolo,/ˈpeu̯kolo/
poikolaps,/ˈpoi̯koˌlɑps/
klaziputeli,/ˈklɑziˌputeli/
karata,/ˈkɑrɑtɑ/
nikossus,/ˈnikosːus/
oksa,/ˈoksɑ/
vilkka,/ˈʋilkːɑ/
pässyttää,/ˈpæsːytːæː/
kevätkylvökamppania,/ˈkeʋætˌkylʋøˌkɑmpːɑniɑ/
koore,/ˈkoːre/
seisottaa,/ˈsei̯sotːɑː/
tammipuu,/ˈtɑmːiˌpuː/
heinähanko,/ˈhei̯næˌhɑŋko/
puulahantka,/ˈpuːˌlɑhɑntkɑ/
valja,/ˈʋɑlʲɑ/
pallaa,/ˈpɑlɑː/
väli,/ˈʋæli/
petäjänkärkkä,/ˈpetæjænˌkærkːæ/
murkina,/ˈmurkinɑ/
uheri,/ˈuheri/
arhirei,/ˈɑrhirei̯/
poikaoksa,/ˈpoi̯kɑˌoksɑ/
ajella,/ˈɑjelːɑ/
seeglata,/ˈseːɡlɑtɑ/
hahlat,/ˈhɑhlɑt/
täytetty,/ˈtæy̯tetːy/
litva,/ˈlitʋɑ/
syvä,/ˈsyʋæ/
keski-soikkola,/ˈkeskiˌsoi̯kːolɑ/
rahvas,/ˈrɑhʋɑs/
uulitsaal,/ˈuːlit͡sɑlːɑ/
koskiset,/ˈkoskiset/
nahistua,/ˈnɑhistuɑ/
ojapuu,/ˈojɑˌpuː/
korkiaškoulu,/ˈkorkiɑˌʃkou̯lu/
mättiissä,/ˈmætːiːsːæ/
västö,/ˈʋæstø/
helmivirka,/ˈhelmiˌʋirkɑ/
irvissös,/ˈirʋisːøs/
sotamees,/ˈsotɑˌmeːs/
inhotella,/ˈinotelːɑ/
detsimetra,/ˈdet͡siˌmetrɑ/
suuremp,/ˈsuːrempi/
hohottaa,/ˈhohotːɑː/
töömees,/ˈtøːˌmeːs/
harmaansiniin,/ˈhɑrmɑːnˌsinine/
lätikkä,/ˈlætikːæ/
ahavoa,/ˈɑhɑʋoɑ/
velipoika,/ˈʋeliˌpoi̯kɑ/
pirttulamppu,/ˈpirtːuˌlɑmpːu/
puuda,/ˈpuːdɑ/
komitetta,/ˈkomiˌtetːɑ/
kuumattaa,/ˈkuːmɑtːɑː/
saivar,/ˈsɑi̯ʋɑr/
poukkupäivä,/ˈpou̯kːuˌpæi̯ʋæ/
yksintää,/ˈyksintæː/
sokkia,/ˈsokːijɑ/
kirjuttaa,/ˈkirjutːɑː/
suurima,/ˈsuːrimɑ/
märetä,/ˈmæretæ/
kortsuta,/ˈkort͡sutɑ/
sьktьvkar,/ˈsɨktɨʋkɑr/
rookopilli,/ˈroːkoˌpilːi/
siansorkka,/ˈsiɑnˌsorkːɑ/
lumikukka,/ˈlumiˌkukːɑ/
sotkia,/ˈsotkijɑ/
lumipallo,/ˈlumiˌpɑlːo/
kroljcatnikka,/ˈkrolʲt͡ʃɑtnikːɑ/
pulmaolut,/ˈpulmɑˌolut/
mammata,/ˈmɑmːɑtɑ/
etteepäin,/ˈeteːnˌpæi̯/
lyhe,/ˈlyhe/
tahto,/ˈtɑhto/
petäjäpäre,/ˈpetæjæˌpære/
lehmänvoi,/ˈlehmænˌʋoi̯/
pittuusyksikkö,/ˈpituːsˌyksikːø/
oleninpito,/ˈoleninˌpito/
kori,/ˈkori/
maklakka,/ˈmɑklɑkːɑ/
rummenseegla,/ˈrumːenˌseːɡlɑ/
arastaa,/ˈɑrɑstɑː/
järky,/ˈjærky/
runni,/ˈrunːi/
pakata,/ˈpɑkɑtɑ/
tänäpään,/ˈtænæpæːn/
savi,/ˈsɑʋi/
sentjabri,/ˈsentʲɑbri/
taigaa,/ˈtɑi̯ɡɑː/
apihua,/ˈɑpihuɑ/
kottii,/ˈkotiː/
kirkonnenä,/ˈkirkonˌnenæ/
hiirukkain,/ˈhiːrukːɑi̯ne/
merivimpa,/ˈmeriˌʋimpɑ/
muinaa,/ˈmui̯nɑː/
humissa,/ˈhumisːɑ/
pahameeliin,/ˈpɑhɑˌmeːline/
vannua,/ˈʋɑnːuɑ/
hartiajäsen,/ˈhɑrtiɑˌjæsen/
praavittaa,/ˈprɑːʋitːɑː/
hoikkasooli,/ˈhoi̯kːɑˌsoːli/
tytär,/ˈtytær/
liitti,/ˈliːtːi/
rinnoitus,/ˈrinːoi̯tus/
surra,/ˈsurːɑ/
röömijä,/ˈrøːmijæ/
ruuhti,/ˈruːhti/
maarianpäivä,/ˈmɑːriɑnˌpæi̯ʋæ/
ramoittua,/ˈrɑmoi̯tːuɑ/
leppävitsa,/ˈlepːæˌʋit͡sɑ/
hämärikko,/ˈhæmærikːo/
pääheinät,/ˈpæːˌhei̯næt/
vene,/ˈʋene/
ulvoa,/ˈulʋoɑ/
eksyä,/ˈeksyæ/
korria,/ˈkoriɑ/
turva,/ˈturʋɑ/
kuuloittaa,/ˈkuːloi̯tːɑː/
merijoršši,/ˈmeriˌjorʃːi/
räpäkkä,/ˈræpækːæ/
rantaniitty,/ˈrɑntɑˌniːtːy/
nimisana,/ˈnimiˌsɑnɑ/
annuška,/ˈɑnːuʃkɑ/
tunnustaa,/ˈtunːustɑː/
hämmentää,/ˈhæmːentæː/
kuulua,/ˈkuːluɑ/
ižoran keeli,/ˈiʒorɑn ˈkeːli/
muuttumiin,/ˈmuːtːumine/
alle,/ˈɑlːe/
veero,/ˈʋeːro/
proveroittaa,/ˈproʋeroi̯tːɑː/
monikkoforma,/ˈmonikːoˌformɑ/
lipistyä,/ˈlipistyæ/
siputtaa,/ˈsiputːɑː/
näyte,/ˈnæy̯te/
mekkiä,/ˈmekːiæ/
šnääkki,/ˈʃnæːkːi/
vetämys,/ˈʋetæmys/
siä,/ˈsiæ̯/
roozovoi,/ˈroːzoʋoi̯/
taittua,/ˈtɑi̯tːuɑ/
etähäisys,/ˈetæhæi̯sys/
milli-,/ˈmilːi-/
lounat,/ˈlou̯nɑt/
rootsalain,/ˈroːt͡sɑlɑi̯ne/
taikinamarja,/ˈtɑi̯kinɑˌmɑrjɑ/
heertyä,/ˈheːrtyæ/
cisla,/ˈt͡ʃislɑ/
ljuljuttaa,/ˈlʲulʲutːɑː/
olutallas,/ˈolutˌɑlːɑs/
sellain,/ˈselːɑi̯ne/
koorma,/ˈkoːrmɑ/
lusti,/ˈlusti/
laatta,/ˈlɑːtːɑ/
jaadu,/ˈjɑːdu/
vaihto,/ˈʋɑi̯hto/
sooniin,/ˈsoːnine/
pääsönpisama,/ˈpæːsønˌpisɑmɑ/
pöytä,/ˈpøy̯tæ/
präski,/ˈpræski/
oksentaissa,/ˈoksenˌtɑi̯sːɑ/
korkehus,/ˈkorkehus/
mukahua,/ˈmukɑhuɑ/
seestara,/ˈseːstɑrɑ/
henkähösvoima,/ˈheŋkæhøsˌʋoi̯mɑ/
egle,/ˈeɡle/
poltikas,/ˈpoltikɑs/
hirnuttaa,/ˈhirnutːɑː/
pooli,/ˈpoːli/
pettelikko,/ˈpetːelikːo/
punnoa,/ˈpunːoɑ/
pätsetti,/ˈpæt͡setːi/
palentua,/ˈpɑlentuɑ/
kuusenkärkkä,/ˈkuːsenˌkærkːæ/
nodraan,/ˈnodrɑːn/
kymmenkymment,/ˈkymːenˌkymːentæ/
soitto,/ˈsoi̯tːo/
ignatta,/ˈiɡnɑtːɑ/
peräs,/ˈperæsːæ/
heijen,/ˈhei̯jen/
sekametsäzoona,/ˈsekɑˌmet͡sæˌzoːnɑ/
söökki,/ˈsøːkːi/
kuiva,/ˈkui̯ʋɑ/
hövelin,/ˈhøʋelin/
nakkia,/ˈnɑkːiɑ/
patahohla,/ˈpɑtɑˌhohlɑ/
hammas,/ˈhɑmːɑs/
pellovas,/ˈpelːoʋɑs/
köyhys,/ˈkøy̯hys/
dubina,/ˈdubinɑ/
lennellä,/ˈlenːelːæ/
kommia,/ˈkomːiɑ/
painutossiha,/ˈpɑi̯nutosˌsihɑ/
tsifra,/ˈt͡sifrɑ/
puuastava,/ˈpuːˌɑstɑʋɑ/
ovi,/ˈoʋi/
kräntsi,/ˈkrænt͡si/
rahoittaa,/ˈrɑhoi̯tːɑː/
kaarasta,/ˈkɑːrɑstɑ/
viisas,/ˈʋiːsɑs/
ympäröivä,/ˈympærøi̯ʋæ/
pehmittää,/ˈpehmitːæː/
sokkaluu,/ˈsokːɑˌluː/
turvekeko,/ˈturʋeˌkeko/
tarha,/ˈtɑrɑ/
paska,/ˈpɑskɑ/
ankkuri,/ˈɑŋkːuri/
irine,/ˈirine/
šuutka,/ˈʃuːtkɑ/
meinnä,/ˈmei̯nːæ/
metsäkarhu,/ˈmet͡sæˌkɑru/
meistari,/ˈmei̯stɑri/
kyyttö,/ˈkyːtːø/
naasto,/ˈnɑːsto/
painaa,/ˈpɑi̯nɑː/
vahti,/ˈʋɑhti/
apusana,/ˈɑpusɑnɑ/
väärys,/ˈʋæːrys/
hattu,/ˈhɑtːu/
upottaa,/ˈupotːɑː/
venta,/ˈʋentɑ/
vesselys,/ˈʋesːelys/
pääsaahkara,/ˈpæːˌsɑhkɑrɑ/
kartakatto,/ˈkɑrtɑˌkɑtːo/
sanata,/ˈsɑnɑtɑ/
jäämäki,/ˈjæːˌmæki/
paarma,/ˈpɑːrmɑ/
musta seestara,/ˈmustɑ ˈseːstɑrɑ/
žaabrat,/ˈʒɑːbrɑt/
söömiin,/ˈsøːmine/
kolttoist kymmenäs,/ˈkoltːoi̯stɑ ˈkymːenæs/
tapahtua,/ˈtɑpɑhtuɑ/
hetas,/ˈhetɑs/
makkara,/ˈmɑkːɑrɑ/
pluugaveitsi,/ˈpluːɡɑˌʋei̯t͡si/
kupo kuiva,/ˈkupo ˈkui̯ʋɑ/
vihma,/ˈʋihmɑ/
silmärätti,/ˈsilmæˌrætːi/
läksy,/ˈlæksy/
elämä,/ˈelæmæ/
ne,/ˈne/
vonka,/ˈʋoŋkɑ/
karvakas,/ˈkɑrʋɑkɑs/
kotain,/ˈkotɑi̯ne/
tahmia,/ˈtɑhmiɑ/
kookkaveeras,/ˈkoːkːɑˌʋeːrɑs/
šommela,/ˈʃomːelɑ/
hautajaiset,/ˈhɑu̯tɑjɑi̯set/
rantapiusta,/ˈrɑntɑˌpiu̯stɑ/
kvadrattidetsimetra,/ˈkʋɑdrɑtːiˌdet͡siˌmetrɑ/
laps,/ˈlɑpsi/
talohus,/ˈtɑlohus/
hihittää,/ˈhihitːæː/
pyhäpäiväin,/ˈpyhæˌpæi̯ʋæi̯ne/
soola,/ˈsoːlɑ/
kulo,/ˈkulo/
mänty,/ˈmænty/
talviaika,/ˈtɑlʋiˌɑi̯kɑ/
köhä,/ˈkøhæ/
hoppiaraha,/ˈhopːiɑˌrɑhɑ/
viksu,/ˈʋiksu/
kookka,/ˈkoːkːɑ/
vurahtaa,/ˈʋurɑhtɑː/
kuusamiin,/ˈkuːsɑmine/
raskahusaika,/ˈrɑskɑhusˌɑi̯kɑ/
yksittää,/ˈyksitːæː/
muru,/ˈmuru/
cesnokka,/ˈt͡ʃesnokːɑ/
puuriissat,/ˈpuːˌriːsːɑt/
ruispurnu,/ˈru.isˌpurnu/
hulpela,/ˈhulpelɑ/
lysi,/ˈlysi/
seemecka,/ˈseːmet͡ʃkɑ/
soata,/ˈsoɑtɑ/
veritauti,/ˈʋeriˌtɑu̯ti/
tahtoa,/ˈtɑhtoɑ/
kasvo,/ˈkɑsʋo/
toin toisen,/ˈtoi̯ne ˈtoi̯sen/
nakku,/ˈnɑkːu/
inessiva,/ˈinesːiʋɑ/
savikaakka,/ˈsɑʋiˌkɑːkːɑ/
laatia,/ˈlɑːtiɑ/
hooku,/ˈhoːku/
törkkiä,/ˈtørkːijæ/
estonia,/ˈestoniɑ/
petäjäpuu,/ˈpetæjæˌpuː/
mees,/ˈme.esːæ/
numeri,/ˈnumeri/
inkerläin,/ˈiŋkerlæi̯ne/
saijajauha,/ˈsɑi̯jɑˌjɑu̯hɑ/
viis,/ˈʋiːsi/
hiisnikkazveeri,/ˈhiːsnikːɑˌzʋeːri/
kärnä,/ˈkærnæ/
merennenä,/ˈmerenˌnenæ/
hongakas,/ˈhoŋɡɑkɑs/
entiin,/ˈentine/
kokonain,/ˈkokonɑi̯ne/
rummen,/ˈrumːen/
kiljua,/ˈkiljuɑ/
hävitöin,/ˈhæʋitøi̯n/
rikastaa,/ˈrikɑstɑː/
kavvoa,/ˈkɑʋoɑ/
suru,/ˈsuru/
mööjä,/ˈmøːjæ/
osalliin,/ˈosɑlːine/
maapala,/ˈmɑːˌpɑlɑ/
maina,/ˈmɑi̯nɑ/
öötöin-päivätöin,/ˈøːtøi̯n ˈpæi̯ʋætøi̯n/
maitse,/ˈmɑi̯t͡se/
ääri,/ˈæːri/
viikate,/ˈʋiːkɑte/
tokuttaa,/ˈtokutːɑː/
kaavi,/ˈkɑːʋi/
seukkoin,/ˈseu̯kːoi̯ne/
foljklora,/ˈfolʲklorɑ/
papka,/ˈpɑpkɑ/
sama,/ˈsɑmɑ/
painua,/ˈpɑi̯nuɑ/
järriä,/ˈjæriæ/
noki,/ˈnoki/
sortti,/ˈsortːi/
seitsentoist kymment,/ˈsei̯t͡sentoi̯stɑ ˈkymːentæ/
tähtirata,/ˈtæhtiˌrɑtɑ/
sisarlentämä,/ˈsisɑrˌlentæmæ/
koivusikko,/ˈkoi̯ʋusikːo/
kykky,/ˈkykːy/
vassakkaisest,/ˈʋɑsːɑkːɑi̯sestɑ/
säärimarjat,/ˈsæːriˌmɑrjɑt/
pioneera,/ˈpioneːrɑ/
maali,/ˈmɑːli/
rooskaraha,/ˈroːskɑˌrɑhɑ/
poikapooli,/ˈpoi̯kɑˌpoːli/
joutava,/ˈjou̯tɑʋɑ/
katos,/ˈkɑtosːɑ/
cihissä,/ˈt͡ʃihisːæ/
voossata,/ˈʋoːsˌsɑtɑ/
pilkko,/ˈpilkːo/
povvinoora,/ˈpoʋːiˌnoːrɑ/
pyssy,/ˈpysːy/
alameri,/ˈɑlɑˌmeri/
kolmidjuimain,/ˈkolmiˌdʲui̯mɑi̯ne/
tyrmä,/ˈtyrmæ/
pisar,/ˈpisɑr/
varvas,/ˈʋɑrʋɑs/
merta,/ˈmertɑ/
kynnys,/ˈkynːys/
tuhatta,/ˈtuhɑtːɑ/
siha,/ˈsihɑ/
cerdakka,/ˈt͡ʃerdɑkːɑ/
toohiin,/ˈtoːhine/
tiltukkain,/ˈtiltukːɑi̯n/
punapääopokka,/ˈpunɑˌpæːˌopokːɑ/
vadjalain,/ˈʋɑdʲːɑlɑi̯ne/
kiitos,/ˈkiːtos/
cur,/ˈt͡ʃur/
pulmaväki,/ˈpulmɑˌʋæki/
miira,/ˈmiːrɑ/
lovata,/ˈloʋɑtɑ/
lumiin,/ˈlumine/
vehnäin,/ˈʋehnæi̯ne/
tekijä,/ˈtekijæ/
nikan,/ˈnikɑn/
kiljahus,/ˈkiljɑhus/
aukinain,/ˈɑu̯kinɑi̯ne/
sovetskoi sojuza,/ˈsoʋet͡skoi̯ ˈsojuzɑ/
šarfi,/ˈʃɑrfi/
arhitektori,/ˈɑrhitektori/
api,/ˈɑpi/
vastaa,/ˈʋɑstɑː/
leuka,/ˈleu̯kɑ/
kissankäpälä,/ˈkisːɑnˌkæpælæ/
peninsaari,/ˈpeninˌsɑːri/
komparativa,/ˈkompɑrɑtiʋɑ/
krapsaa,/ˈkrɑpsɑː/
pataässä,/ˈpɑtɑˌæsːæ/
halata,/ˈhɑlɑtɑ/
veiterys,/ˈʋei̯terys/
vatera,/ˈʋɑterɑ/
äärees,/ˈæːresːæ/
pörömälliin,/ˈpørømælːine/
laukopäivä,/ˈlɑu̯kopæi̯ʋæ/
vaattiissa,/ˈʋɑːtːiːsːɑ/
sittanäri,/ˈsitːɑˌnæri/
maikuu,/ˈmɑi̯ˌkuː/
pesemätöin,/ˈpesemætøi̯n/
astavoja,/ˈɑstɑʋojɑ/
sänki,/ˈsæŋki/
tae,/ˈtɑe/
lauhketa,/ˈlɑu̯hketɑ/
perekäs,/ˈperekæs/
kauhtana,/ˈkɑu̯htɑnɑ/
höökö,/ˈhøːkø/
vadja,/ˈʋɑdʲːɑ/
käsikirjutos,/ˈkæsiˌkirjutos/
tallata,/ˈtɑlːɑtɑ/
furskaa,/ˈfurskɑː/
peerettää,/ˈpeːretːæː/
ennenaikain,/ˈenːenˌɑi̯kɑi̯ne/
stolbikka,/ˈstolbikːɑ/
tilkutella,/ˈtilkutelːɑ/
vintovka,/ˈʋintofkɑ/
ilo,/ˈilo/
jäsensuma,/ˈjæsenˌsumɑ/
ai,/ˈɑi̯/
žaarittaa,/ˈʒɑːritːɑː/
selkäpiitöin,/ˈselkæˌpiːtøi̯n/
ympärikko,/ˈympærikːo/
kymmenikkö,/ˈkymːenikːø/
puusilta,/ˈpuːˌsiltɑ/
sisi,/ˈsisi/
artteli,/ˈɑrtːeli/
ymmyrkäin,/ˈymːyrkæi̯ne/
kartain,/ˈkɑrtɑi̯ne/
maasipuli,/ˈmɑːˌsipuli/
seän,/ˈseæn/
viijeskymmenäs,/ˈʋiːjesˌkymːenæs/
monetta,/ˈmonetːɑ/
požarnoi,/ˈpoʒɑrnoi̯/
päiväpaisse,/ˈpæi̯ʋæˌpɑi̯sːe/
sälköväin,/ˈsælkøʋæi̯ne/
vaskiin,/ˈʋɑskine/
niittäjä,/ˈniːtːæjæ/
rohkia,/ˈrohkiɑ/
pilahussa,/ˈpilɑhusːɑ/
kapine,/ˈkɑpine/
poohtaa,/ˈpoːhtɑː/
meritee,/ˈmeriˌteː/
ilmolintu,/ˈilmoˌlintu/
perin,/ˈperin/
tomakka,/ˈtomɑkːɑ/
hei,/ˈhei̯/
korvareikä,/ˈkorʋɑˌrei̯kæ/
makjaspers,/ˈmɑkjɑsˌpers/
haarain,/ˈhɑːrɑi̯ne/
sovetskoi valta,/ˈsoʋet͡skoi̯ ˈʋɑltɑ/
tulimuna,/ˈtuliˌmunɑ/
punamaaria,/ˈpunɑˌmɑːriɑ/
avosuu,/ˈɑʋoˌsuː/
villakas,/ˈʋilːɑkɑs/
avata,/ˈɑʋɑtɑ/
hehkua,/ˈhehkuɑ/
etteeneeglan,/ˈeteːˌneːɡlɑn/
ukrooppi,/ˈukroːpːi/
loukuin,/ˈlou̯kui̯ne/
marfa,/ˈmɑrfɑ/
tappaja,/ˈtɑpːɑjɑ/
neljäs,/ˈneljæs/
hoolekas,/ˈhoːlekɑs/
kyntäjä,/ˈkyntæjæ/
imikkokrokodila,/ˈimikːoˌkrokodilɑ/
kynnetty,/ˈkynːetːy/
pesupäivä,/ˈpesuˌpæi̯ʋæ/
munakooppa,/ˈmunɑˌkoːpːɑ/
kanahanhi,/ˈkɑnɑˌhɑne/
slojain,/ˈslojɑi̯ne/
tuppia,/ˈtupijɑ/
tilppu,/ˈtilpːu/
flootta,/ˈfloːtːɑ/
kipuna,/ˈkipunɑ/
näpykkä,/ˈnæpykːæ/
paukuttaa,/ˈpɑu̯kutːɑː/
vanha,/ˈʋɑnɑ/
löyly,/ˈløy̯ly/
hullu,/ˈhulːu/
kaiho,/ˈkɑi̯ho/
halva,/ˈhɑlʋɑ/
painopääveitsi,/ˈpɑi̯noˌpæːˌʋei̯t͡si/
kukkaa,/ˈkukɑː/
parentaa,/ˈpɑrentɑː/
praaznikka,/ˈprɑːznikːɑ/
nominativa,/ˈnominɑtiʋɑ/
sula,/ˈsulɑ/
raakka,/ˈrɑːkːɑ/
itkuin,/ˈitkui̯n/
liivamytty,/ˈliːʋɑˌmytːy/
piikivi,/ˈpiːˌkiʋi/
kesäomena,/ˈkesæˌomenɑ/
vesselä,/ˈʋesːelæ/
siivota,/ˈsiːʋotɑ/
mae,/ˈmɑe/
peltotee,/ˈpeltoˌteː/
syksyin,/ˈsyksyi̯n/
kylläisemp,/ˈkylːæi̯sempi/
hiatoin,/ˈhiɑtoi̯n/
hanhi,/ˈhɑne/
lausa,/ˈlɑu̯sɑ/
vapaisus,/ˈʋɑpɑi̯sus/
koiranputki,/ˈkoi̯rɑnˌputki/
too,/ˈtoː/
taanoin,/ˈtɑːnoi̯n/
jälkinootta,/ˈjælkiˌnoːtːɑ/
patsas,/ˈpɑt͡sɑs/
pyhäin,/ˈpyhæi̯ne/
tytökkäin,/ˈtytøkːæi̯ne/
pilli,/ˈpilːi/
meihe,/ˈmei̯he/
kipu,/ˈkipu/
naulacka,/ˈnɑu̯lɑt͡ʃkɑ/
noorikke,/ˈnoːrikːe/
ratastee,/ˈrɑtɑsˌteː/
kulju,/ˈkulju/
vavissa,/ˈʋɑʋisːɑ/
haikotuttaa,/ˈhɑi̯kotutːɑː/
punain seestarain,/ˈpunɑi̯ne ˈseːstɑrɑi̯ne/
stantsia,/ˈstɑnt͡siɑ/
kolmaskymmenäs,/ˈkolmɑsˌkymːenæs/
humala,/ˈhumɑlɑ/
tallukka,/ˈtɑlːukːɑ/
kyntö,/ˈkyntø/
myykiä,/ˈmyːkiæ/
nora,/ˈnorɑ/
kakku,/ˈkɑkːu/
arvokas,/ˈɑrʋokɑs/
kuveliha,/ˈkuʋeˌlihɑ/
nyrkki,/ˈnyrkːi/
lähtämä,/ˈlæhtæmæ/
yheksäntoist,/ˈyheksæntoi̯stɑ/
maahenkeys,/ˈmɑːˌheŋkey̯s/
mätäkeeli,/ˈmætæˌkeːli/
oppi,/ˈopːi/
lehtimetsä,/ˈlehtiˌmet͡sæ/
lauhkia,/ˈlɑu̯hkiɑ/
kasvatettava,/ˈkɑsʋɑtetːɑʋɑ/
mustapunain,/ˈmustɑˌpunɑi̯ne/
uvaženja,/ˈuʋɑʒenjɑ/
nyt,/ˈnyt/
arvo,/ˈɑrʋo/
tiskat,/ˈtiskɑt/
etso,/ˈet͡so/
tusata,/ˈtusɑtɑ/
nahkain,/ˈnɑhkɑi̯ne/
lehtivimpa,/ˈlehtiˌʋimpɑ/
itkiä,/ˈitkiæ/
pääsiänaatto,/ˈpæːsiænˌɑːtːo/
gorba,/ˈɡorbɑ/
hännäkäs,/ˈhænːækæs/
padeža,/ˈpɑdeʒɑ/
vanheta,/ˈʋɑnetɑ/
jäättyä,/ˈjæːtːyæ/
etemmält,/ˈetemːæltæ/
raisata,/ˈrɑi̯sɑtɑ/
harotella,/ˈhɑrotelːɑ/
tarkoittaa,/ˈtɑrkoi̯tːɑː/
ärnää,/ˈærnæː/
mones,/ˈmones/
riikki,/ˈriːkːi/
vyyhtipuu,/ˈʋyːhtiˌpuː/
koltkymment,/ˈkoltˌkymːentæ/
tukka,/ˈtukːɑ/
metsälucikkain,/ˈmet͡sæˌlut͡ʃikːɑi̯ne/
laa,/ˈlɑː/
nyrihyssä,/ˈnyrihysːæ/
konnankiisseli,/ˈkonːɑnˌkiːsːeli/
koirankuudra,/ˈkoi̯rɑnˌkuːdrɑ/
vanhapoika,/ˈʋɑnɑˌpoi̯kɑ/
leningradan oblasti,/ˈleniŋɡrɑdɑn ˈoblɑsti/
oppiissa,/ˈopːiːsːɑ/
ratas,/ˈrɑtɑs/
frantsilain,/ˈfrɑnt͡silɑi̯ne/
lavvassaari,/ˈlɑʋːɑsˌsɑːri/
piippu,/ˈpiːpːu/
poikkipako,/ˈpoi̯kːiˌpɑko/
gulju-gulju,/ˈɡulʲu ˈɡulʲu/
kasvonsööjä,/ˈkɑsʋonˌsøːjæ/
rooska,/ˈroːskɑ/
vesikukka,/ˈʋesiˌkukːɑ/
unklaariis,/ˈuŋklɑːrisːɑ/
molotsa,/ˈmolot͡sɑ/
ruuto,/ˈruːto/
leenöö,/ˈleːnøː/
umpikulju,/ˈumpiˌkulju/
upražnenja,/ˈuprɑʒnenjɑ/
ulissa,/ˈulisːɑ/
kalma,/ˈkɑlmɑ/
alanko,/ˈɑlɑŋko/
pahapäivä,/ˈpɑhɑˌpæi̯ʋæ/
tuuloin,/ˈtuːloi̯n/
pittää meelees,/ˈpitæː ˈmeːlesːæ/
morkuna,/ˈmorkunɑ/
maansyän,/ˈmɑːnˌsyæn/
ken,/ˈken/
nokkia,/ˈnokːijɑ/
myllysarka,/ˈmylːyˌsɑrkɑ/
kletka,/ˈkletkɑ/
koitoin,/ˈko.itoi̯n/
aada,/ˈɑːdɑ/
kylmäkkäin,/ˈkylmækːæi̯ne/
ohja,/ˈohjɑ/
anna,/ˈɑnːɑ/
kuivata,/ˈkui̯ʋɑtɑ/
gololeditsa,/ˈɡololedit͡sɑ/
päähkänäkärkkäin,/ˈpæːhkænæˌkærkːæi̯ne/
aisakello,/ˈɑi̯sɑˌkelːo/
formennoi,/ˈformenːoi̯/
viinamarja,/ˈʋiːnɑˌmɑrjɑ/
vello,/ˈʋelːo/
rohokas,/ˈrohokɑs/
lapsenna,/ˈlɑpsenːɑ/
verisooni,/ˈʋeriˌsoːni/
santukka,/ˈsɑntukːɑ/
lattoa,/ˈlɑtoɑ/
munavoi,/ˈmunɑˌʋoi̯/
sylkiissä,/ˈsylkiːsːæ/
že,/ˈʒe/
pulmanikka,/ˈpulmɑˌnikːɑ/
saadut,/ˈsɑːdut/
laiska,/ˈlɑi̯skɑ/
kuerihma,/ˈkueˌrihmɑ/
turvas,/ˈturʋɑs/
liukata,/ˈliu̯kɑtɑ/
jakkaa,/ˈjɑkɑː/
maanpäälys,/ˈmɑːnˌpæːlys/
atlasnoi,/ˈɑtlɑsnoi̯/
rappia,/ˈrɑpiɑ/
vanhus,/ˈʋɑnus/
jumalanlintu,/ˈjumɑlɑnˌlintu/
lumikaakka,/ˈlumiˌkɑːkːɑ/
piirakois,/ˈpiːrɑkoi̯sːɑ/
kuulussella,/ˈkuːlusːelːɑ/
vesielokas,/ˈʋesiˌelokɑs/
kirjutaissa,/ˈkirjutɑi̯sːɑ/
lihoittua,/ˈlihoi̯tːuɑ/
maamees,/ˈmɑːˌmeːs/
travata,/ˈtrɑʋɑtɑ/
ohjas,/ˈohjɑs/
ahven,/ˈɑhʋen/
soittulehti,/ˈsoi̯tːuˌlehti/
kyntömaa,/ˈkyntøˌmɑː/
poskipää,/ˈposkiˌpæː/
culana,/ˈt͡ʃulɑnɑ/
kukkapata,/ˈkukːɑˌpɑtɑ/
odrasuurima,/ˈodrɑˌsuːrimɑ/
pajuvitsa,/ˈpɑjuˌʋit͡sɑ/
osra,/ˈosrɑ/
koivupuu,/ˈkoi̯ʋuˌpuː/
kippu,/ˈkipːu/
sipuli,/ˈsipuli/
kvantitettasteeppeni,/ˈkʋɑntiˌtetːɑˌsteːpːeni/
purno,/ˈpurno/
uneksia,/ˈuneksiɑ/
ensistää,/ˈensistæː/
savikehvel,/ˈsɑʋiˌkehʋel/
talla,/ˈtɑlːɑ/
partamees,/ˈpɑrtɑˌmeːs/
pumissa,/ˈpumisːɑ/
makoitos,/ˈmɑkoi̯tos/
klinata,/ˈklinɑtɑ/
pahantekijä,/ˈpɑhɑntekijæ/
jahti,/ˈjɑhti/
mraamori,/ˈmrɑːmori/
malikakku,/ˈmɑliˌkɑkːu/
seinägazetti,/ˈsei̯næˌɡɑzetːi/
viljaaitta,/ˈʋiljɑˌɑi̯tːɑ/
osoitus,/ˈosoi̯tus/
vääskö,/ˈʋæːskø/
seiväs,/ˈsei̯ʋæs/
kevätkuu,/ˈkeʋætˌkuː/
seas,/ˈseɑsːɑ/
kiskoja,/ˈkiskojɑ/
hame,/ˈhɑme/
armotoin,/ˈɑrmotoi̯n/
lakoitella,/ˈlɑkoi̯telːɑ/
kvadratti,/ˈkʋɑdrɑtːi/
hajuin,/ˈhɑjui̯ne/
luikkamus,/ˈlui̯kːɑmus/
loon,/ˈloːn/
suvattava,/ˈsuʋɑtːɑʋɑ/
päiväpyytö,/ˈpæi̯ʋæpyːtø/
ellään,/ˈelæːn/
saattaa,/ˈsɑːtːɑː/
sohva,/ˈsohʋɑ/
vaihtaa,/ˈʋɑi̯htɑː/
kimmiä,/ˈkimiæ/
nenätöin,/ˈnenætøi̯n/
hylätä,/ˈhylætæ/
suku,/ˈsuku/
paljoznacnoi,/ˈpɑljoˌznɑt͡ʃnoi̯/
mukistaja,/ˈmukistɑjɑ/
vers,/ˈʋirsi/
ajo,/ˈɑjo/
kyns,/ˈkynsi/
kalliosikko,/ˈkɑlːiosikːo/
hiivakas,/ˈhiːʋɑkɑs/
saauttaa,/ˈsɑːutːɑː/
reehtila,/ˈreːhtilɑ/
sanoma,/ˈsɑnomɑ/
kalanmarja,/ˈkɑlɑnˌmɑrjɑ/
forma,/ˈformɑ/
homehoittaa,/ˈhomehoi̯tːɑː/
äärykset,/ˈæːrykset/
käly,/ˈkæly/
liukupäivä,/ˈliu̯kuˌpæi̯ʋæ/
puukas,/ˈpuːkɑs/
interjektsia,/ˈinterjekt͡siɑ/
kalkkuna,/ˈkɑlkːunɑ/
otsain,/ˈot͡sɑi̯ne/
kulkkukerus,/ˈkulkːuˌkerus/
kuskaa,/ˈkuskɑː/
loonnontiito,/ˈloːnːonˌtiːto/
raspiska,/ˈrɑspiskɑ/
päpi,/ˈpæpi/
looti,/ˈloːti/
enemmän tali vähemmän,/ˈenemːæn ˈtɑli ˈʋæhemːæn/
plemmäänitsa,/ˈplemæːnit͡sɑ/
kirila,/ˈkirilɑ/
noitia,/ˈnoi̯tijɑ/
vesikaavi,/ˈʋesiˌkɑːʋi/
taus,/ˈtɑu̯s/
trenkipoika,/ˈtreŋkiˌpoi̯kɑ/
hooriissa,/ˈhoːriːsːɑ/
ihmihiin,/ˈihmihine/
temmata,/ˈtemːɑtɑ/
yhtehös,/ˈyhtehøs/
ahissos,/ˈɑhisːos/
veerukas,/ˈʋeːrukɑs/
pääl,/ˈpæːlːæ/
ensikää,/ˈensikæː/
ruispudro,/ˈru.isˌpudro/
poika,/ˈpoi̯kɑ/
kärnäkonna,/ˈkærnæˌkonːɑ/
keskeel,/ˈkeskelːæ/
paju,/ˈpɑju/
kormuna,/ˈkormunɑ/
kasvaa,/ˈkɑsʋɑː/
miä en arvaa,/ˈmiæ̯ ˈen ˈɑrʋɑː/
öövahti,/ˈøːˌʋɑhti/
ero,/ˈero/
poikapolvi,/ˈpoi̯kɑˌpolʋi/
sanatiippa,/ˈsɑnɑˌtiːpːɑ/
kakstoist kymment,/ˈkɑkstoi̯stɑ ˈkymːentæ/
katuškarihma,/ˈkɑtuʃkɑˌrihmɑ/
leikellä,/ˈlei̯kelːæ/
jeppifana,/ˈjepːifɑnɑ/
voikirnu,/ˈʋoi̯kirnu/
kabakka,/ˈkɑbɑkːɑ/
sopattaa,/ˈsopɑtːɑː/
tammes,/ˈtɑmːes/
iso,/ˈiso/
sottia,/ˈsotiɑ/
raaju,/ˈrɑːju/
emäkana,/ˈemæˌkɑnɑ/
heinäserkka,/ˈhei̯næˌserkːɑ/
lunata,/ˈlunɑtɑ/
pahantapain,/ˈpɑhɑnˌtɑpɑi̯ne/
hersi,/ˈhirsi/
familia,/ˈfɑmiliɑ/
emintimä,/ˈemintimæ/
vankkuri,/ˈʋɑŋkːuri/
tylppä,/ˈtylpːæ/
kiskoissa,/ˈkiskoi̯sːɑ/
jokahiin,/ˈjokɑhine/
kitsas,/ˈkit͡sɑs/
sisusskiletti,/ˈsisusˌskiletːi/
parras,/ˈpɑrːɑs/
immiä,/ˈimiæ/
karassikala,/ˈkɑrɑsːiˌkɑlɑ/
metsäomenapuu,/ˈmet͡sæˌomenɑˌpuː/
apu,/ˈɑpu/
maitouuttu,/ˈmɑi̯toˌuːtːu/
muuttaa,/ˈmuːtːɑː/
kuustoist,/ˈkuːstoi̯stɑ/
pilla,/ˈpilːɑ/
tänne,/ˈtænːe/
hanhiparvi,/ˈhɑneˌpɑrʋi/
ennemoin,/ˈenːemoi̯n/
kaivo,/ˈkɑi̯ʋo/
ikinää,/ˈikinæː/
kakskarvain,/ˈkɑksˌkɑrʋɑi̯ne/
piirakalle,/ˈpiːrɑkɑlːe/
lähe,/ˈlæhe/
etemp,/ˈetemp/
puuuhlu,/ˈpuːˌuhlu/
lähtömä,/ˈlæhtømæ/
rantaapu,/ˈrɑntɑˌɑpu/
maksima,/ˈmɑksimɑ/
piiras,/ˈpiːrɑs/
ristii,/ˈristiːsːe/
peehtaroija,/ˈpeːhtɑroi̯jɑ/
kytyt,/ˈkytyt/
mahutella,/ˈmɑhutelːɑ/
penikka,/ˈpenikːɑ/
yheksäskymmenäs,/ˈyheksæsˌkymːenæs/
nolli,/ˈnolːi/
kalbassi,/ˈkɑlbɑsːi/
koori,/ˈkoːri/
täkki,/ˈtækːi/
nipikkoa,/ˈnipikːoɑ/
virta,/ˈʋirtɑ/
kyttä,/ˈkytːæ/
lumisää,/ˈlumiˌsæː/
ahnas,/ˈɑhnɑs/
nussuri,/ˈnusːuri/
kerralle,/ˈkerːɑlːe/
peeli,/ˈpeːli/
sannikko,/ˈsɑnːikːo/
hepoislangokset,/ˈhepoi̯sˌlɑŋɡokset/
peltotöö,/ˈpeltoˌtøː/
räkä,/ˈrækæ/
jäärunni,/ˈjæːˌrunːi/
metsäherra,/ˈmet͡sæˌherːɑ/
pecurka,/ˈpet͡ʃurkɑ/
purria,/ˈpurijɑ/
lanttuvesi,/ˈlɑntːuˌʋesi/
upotos,/ˈupoːtos/
ukraina,/ˈukrɑi̯nɑ/
läns-europpa,/ˈlænsˌeu̯ropːɑ/
kepsahtaissa,/ˈkepsɑhtɑi̯sːɑ/
aivas,/ˈɑi̯ʋɑs/
sormin,/ˈsormin/
vihura,/ˈʋihurɑ/
vartti,/ˈʋɑrtːi/
arvaava,/ˈɑrʋɑːʋɑ/
orjamarja,/ˈorjɑˌmɑrjɑ/
asettaissa,/ˈɑsetːɑi̯sːɑ/
pitentää,/ˈpitentæː/
veikko,/ˈʋei̯kːo/
puna-armia,/ˈpunɑˌɑrmiɑ/
kaartaa,/ˈkɑːrtɑː/
odrapurnu,/ˈodrɑˌpurnu/
sanomiin,/ˈsɑnomine/
sedrina,/ˈsedrinɑ/
olo,/ˈolo/
humaltua,/ˈhumɑltuɑ/
koski,/ˈkoski/
gromootvoda,/ˈɡromo.otʋodɑ/
hoomata,/ˈhoːmɑtɑ/
tööpalkka,/ˈtøːˌpɑlkːɑ/
tuhka,/ˈtuhkɑ/
šuutkia,/ˈʃuːtkijɑ/
syssiä,/ˈsysijæ/
rakennos,/ˈrɑkenːos/
halli,/ˈhɑlːi/
kultalintu,/ˈkultɑˌlintu/
jakahus,/ˈjɑkɑhus/
satuloittaa,/ˈsɑtuloi̯tːɑː/
turha,/ˈturɑ/
päävaras,/ˈpæːˌʋɑrɑs/
tuto,/ˈtuto/
riihihaltias,/ˈriːhiˌhɑltiɑs/
poojezda,/ˈpoːjezdɑ/
kooria,/ˈkoːrijɑ/
luikata,/ˈlui̯kɑtɑ/
raja,/ˈrɑjɑ/
hanhenpaju,/ˈhɑnenˌpɑju/
mi,/ˈmi/
koomina,/ˈkoːminɑ/
sarana,/ˈsɑrɑnɑ/
maokas,/ˈmɑokɑs/
nagraksennella,/ˈnɑɡrɑksenːelːɑ/
usat,/ˈusɑt/
täs,/ˈtæsːæ/
lehtolaps,/ˈlehtoˌlɑps/
kasvattaa,/ˈkɑsʋɑtːɑː/
itä-europpa,/ˈitæˌeu̯ropːɑ/
armahtaa,/ˈɑrmɑhtɑː/
vesi,/ˈʋesi/
sianallas,/ˈsiɑnˌɑlːɑs/
kookkia,/ˈkoːkːijɑ/
mänö,/ˈmænø/
žaali,/ˈʒɑːli/
vähämeeliin,/ˈʋæhæˌmeːline/
sortaa,/ˈsortɑː/
tiri,/ˈtiri/
keräjät,/ˈkeræjæt/
ruuti,/ˈruːti/
vellain,/ˈʋelːɑi̯ne/
pihka,/ˈpihkɑ/
kääntää,/ˈkæːntæː/
plankku,/ˈplɑŋkːu/
vako,/ˈʋɑko/
adjala,/ˈɑdjɑlɑ/
pirttu,/ˈpirtːu/
ainava,/ˈɑi̯nɑʋɑ/
vehnäpurnu,/ˈʋehnæˌpurnu/
peitto,/ˈpei̯tːo/
poukkuvesi,/ˈpou̯kːuˌʋesi/
kilometra,/ˈkiloˌmetrɑ/
aijaa,/ˈɑjɑː/
koveranenä,/ˈkoʋerɑˌnenæ/
piukkaa,/ˈpiu̯kːɑː/
terettää,/ˈteretːæː/
meest,/ˈmeːst/
antelikas,/ˈɑntelikɑs/
ees,/ˈeːs/
kuka,/ˈkukɑ/
leinata,/ˈlei̯nɑtɑ/
kultakuppi,/ˈkultɑˌkupːi/
saavva arvoa,/ˈsɑːʋːɑ ˈɑrʋoɑ/
tihiäin,/ˈtihijæi̯ne/
ainavo,/ˈɑi̯nɑʋo/
köyhykkäin,/ˈkøy̯hykːæi̯ne/
niisinoora,/ˈniːsiˌnoːrɑ/
haisotella,/ˈhɑi̯sotelːɑ/
paperi,/ˈpɑperi/
rukka,/ˈrukːɑ/
prolativa,/ˈprolɑtiʋɑ/
pytky,/ˈpytky/
viistoist kymmenäs,/ˈʋiːstoi̯stɑ ˈkymːenæs/
hiirenvalkia,/ˈhiːrenˌʋɑlkiɑ/
prulli,/ˈprulːi/
liika,/ˈliːkɑ/
vahain,/ˈʋɑhɑi̯ne/
uutimo,/ˈuːtimo/
priimusa,/ˈpriːmusɑ/
inmiin,/ˈin.mine/
punain seestara,/ˈpunɑi̯ne ˈseːstɑrɑ/
lavvas,/ˈlɑʋːɑs/
aeroplana,/ˈɑeroˌplɑnɑ/
obolocka,/ˈobolot͡ʃkɑ/
pyhänpanekki,/ˈpyhænˌpɑnekːi/
kesä,/ˈkesæ/
hukkahus,/ˈhukːɑhus/
taata,/ˈtɑ.ɑtɑ/
munanvars,/ˈmunɑnˌʋɑrsi/
tehhä töötä,/ˈtexːæ ˈtøːtæ/
ei,/ˈei̯/
valssi,/ˈʋɑlsːi/
pudrolaatka,/ˈpudroˌlɑːtkɑ/
häylyä,/ˈhæy̯lyæ/
unekas,/ˈunekɑs/
haukkua,/ˈhɑu̯kːuɑ/
leinätä,/ˈlei̯nætæ/
mukoittaa,/ˈmukoi̯tːɑː/
miul,/ˈmiu̯lːɑ/
lemissä,/ˈlemisːæ/
jokikrapu,/ˈjokiˌkrɑpu/
tervapääskö,/ˈterʋɑˌpæːskø/
muro,/ˈmuro/
avaroittaa,/ˈɑʋɑroi̯tːɑː/
venahtaa,/ˈʋenɑhtɑː/
ylläält,/ˈylæːltæ/
makkiataikina,/ˈmɑkiɑˌtɑi̯kinɑ/
kuivaa,/ˈkui̯ʋɑː/
reunakukka,/ˈreu̯nɑˌkukːɑ/
tumakka,/ˈtumɑkːɑ/
lämmitös,/ˈlæmːitøs/
pitemp,/ˈpitempi/
piirakkoin,/ˈpiːrɑkːoi̯n/
cudakka,/ˈt͡ʃudɑkːɑ/
puute,/ˈpuːte/
mutkikas,/ˈmutkikɑs/
öittee,/ˈøi̯tːeː/
nähä,/ˈnæhæ/
tottua,/ˈtotːuɑ/
liijan,/ˈliːjɑn/
ravata,/ˈrɑʋɑtɑ/
vipu,/ˈʋipu/
katselain,/ˈkɑt͡selɑi̯n/
mytykkäin,/ˈmytykːæi̯ne/
kaihoella,/ˈkɑi̯ho.elːɑ/
maamunakookka,/ˈmɑːˌmunɑˌkoːkːɑ/
satula,/ˈsɑtulɑ/
päivämeri,/ˈpæi̯ʋæˌmeri/
kyttämees,/ˈkytːæˌmeːs/
kenlee,/ˈkenleː/
poissikkain,/ˈpoi̯sːikːɑi̯ne/
kotikukko,/ˈkotiˌkukːo/
reukas,/ˈre.ukɑs/
ravvattaa,/ˈrɑʋːɑtːɑː/
salmi,/ˈsɑlmi/
ompelosmašina,/ˈompelosˌmɑʃinɑ/
turhaa,/ˈturhɑː/
ruispelto,/ˈru.isˌpelto/
aisa,/ˈɑi̯sɑ/
pyntätä,/ˈpyntætæ/
moiso,/ˈmoi̯so/
silmämuna,/ˈsilmæˌmunɑ/
maitosooni,/ˈmɑi̯toˌsoːni/
serkka,/ˈserkːɑ/
saippu,/ˈsɑi̯pːu/
ruhvi,/ˈruhʋi/
öömaja,/ˈøːˌmɑjɑ/
erahussa,/ˈerɑhusːɑ/
kattopäre,/ˈkɑtːoˌpære/
hyppy,/ˈhypːy/
šolkkia,/ˈʃolkːijɑ/
opinikka,/ˈopinikːɑ/
sovetskoin sotsialisticeskoin respublikkoin sojuza,/ˈsoʋet͡skoi̯n ˈsot͡siɑlistit͡ʃeskoi̯n ˈrespublikːoi̯n ˈsojuzɑ/
tämän,/ˈtæmæn/
latsu,/ˈlɑt͡su/
olki,/ˈolki/
vasikka,/ˈʋɑsikːɑ/
linnast,/ˈlinːɑstɑ/
soikkolain,/ˈsoi̯kːolɑi̯ne/
tulekas,/ˈtulekɑs/
ayš,/ɑ y ˈeʃ/
parikas,/ˈpɑrikɑs/
hallihyle,/ˈhɑlːiˌhyle/
suto,/ˈsuto/
pinžakka,/ˈpinʒɑkːɑ/
koirannännä,/ˈkoi̯rɑnˌnænːæ/
häppiä,/ˈhæpiæ/
šolikkoa,/ˈʃolikːoɑ/
taikipytty,/ˈtɑi̯kiˌpytːy/
petel,/ˈpetel/
tutu,/ˈtutu/
ampumiin,/ˈɑmpumine/
kansanrespublikka,/ˈkɑnsɑnˌrespublikːɑ/
talvirooza,/ˈtɑlʋiˌroːzɑ/
sattais,/ˈsɑtɑi̯s/
sikiäin,/ˈsikijæi̯ne/
kaheks,/ˈkɑhekse/
kalendari,/ˈkɑlendɑri/
lyhhyys,/ˈlyhyːs/
oo hyvä,/ˈoː ˈhyʋæ/
alahuuli,/ˈɑlɑˌhuːli/
aisannahkain,/ˈɑi̯sɑnˌnɑhkɑi̯ne/
palvata,/ˈpɑlʋɑtɑ/
sava,/ˈsɑʋɑ/
sepalus,/ˈsepɑlus/
soolain,/ˈsoːlɑi̯ne/
juurekas,/ˈjuːrekɑs/
tappimet,/ˈtɑpːimet/
rakastaa,/ˈrɑkɑstɑː/
veretöin,/ˈʋeretøi̯n/
raana,/ˈrɑːnɑ/
koivuopokka,/ˈkoi̯ʋuˌopokːɑ/
joutsen,/ˈjou̯t͡sen/
tiitomees,/ˈtiːtoˌmeːs/
makjassella,/ˈmɑkjɑsːelːɑ/
maonkotain,/ˈmɑonˌkotɑi̯ne/
vaatoittaa,/ˈʋɑːtoi̯tːɑː/
keeltiissä,/ˈkeːltiːsːæ/
ruisleipä,/ˈru.isˌlei̯pæ/
pettää,/ˈpetːæː/
homehuttaa,/ˈhomehutːɑː/
stalli,/ˈstɑlːi/
kanava,/ˈkɑnɑʋɑ/
lapa,/ˈlɑpɑ/
emäpääskö,/ˈemæˌpæːskø/
kananhaukka,/ˈkɑnɑnˌhɑu̯kːɑ/
hirvissellä,/ˈhirʋisːelːæ/
bolnitsa,/ˈbolnit͡sɑ/
suvvaamiin,/ˈsuʋɑːmine/
šaška,/ˈʃɑʃkɑ/
para,/ˈpɑrɑ/
rannanvahti,/ˈrɑnːɑnˌʋɑhti/
kapussantaimi,/ˈkɑpusːɑnˌtɑi̯mi/
scotut,/ˈst͡ʃotut/
naappapää,/ˈnɑːpːɑˌpæː/
leivän,/ˈlei̯ʋæn/
mookkahua,/ˈmoːkːɑhuɑ/
vet,/ˈʋet/
noottalauta,/ˈnoːtːɑˌlɑu̯tɑ/
maattuška,/ˈmɑːtːuʃkɑ/
ahavoja,/ˈɑhɑʋojɑ/
kekälä,/ˈkekælæ/
myrsky,/ˈmyrsky/
kuppi,/ˈkupːi/
noo,/ˈnoː/
rautalanka,/ˈrɑu̯tɑˌlɑŋkɑ/
kullikasi,/ˈkulːiˌkɑsi/
lankoin,/ˈlɑŋkoi̯ne/
veesti,/ˈʋeːsti/
leventää,/ˈleʋentæː/
niittää,/ˈniːtːæː/
jäännös,/ˈjæːnːøs/
leipä,/ˈlei̯pæ/
kolja,/ˈkolʲɑ/
mišura,/ˈmiʃurɑ/
vasja,/ˈʋɑsʲɑ/
kupjas,/ˈkupjɑs/
vennä,/ˈʋenːæ/
petonsääri,/ˈpetonˌsæːri/
pihkamaito,/ˈpihkɑˌmɑi̯to/
varis,/ˈʋɑris/
silmäterä,/ˈsilmæˌteræ/
kookkia,/ˈkoːkːiɑ/
pakkoo,/ˈpɑkoː/
jauhottaa,/ˈjɑu̯hotːɑː/
ahmastaa,/ˈɑhmɑstɑː/
mököttää,/ˈmøkøtːæː/
naiseläjä,/ˈnɑi̯sˌelæjæ/
telefona,/ˈteleˌfonɑ/
ruma,/ˈrumɑ/
unenarvaaja,/ˈunenˌɑrʋɑːjɑ/
bortta,/ˈbortːɑ/
villa,/ˈʋilːɑ/
panekki,/ˈpɑnekːi/
miljona,/ˈmiljonɑ/
saatana,/ˈsɑːtɑnɑ/
poikkee,/ˈpoi̯kːeː/
mai,/ˈmɑi̯/
kuusnännäin,/ˈkuːsˌnænːæi̯ne/
omenahauta,/ˈomenɑˌhɑu̯tɑ/
kalanmukain,/ˈkɑlɑnˌmukɑi̯ne/
öljyvaate,/ˈøljyˌʋɑːte/
lovittaa,/ˈloʋitːɑː/
prännikkä,/ˈprænːikːæ/
kuilas,/ˈkui̯lɑs/
jaadukas,/ˈjɑːdukɑs/
istoria,/ˈistoriɑ/
vatsapoolosti,/ˈʋɑt͡sɑˌpoːlosti/
synniin,/ˈsynːine/
gortsa,/ˈɡort͡sɑ/
solmita,/ˈsolmitɑ/
kulkia,/ˈkulkiɑ/
tammipäähkänä,/ˈtɑmːiˌpæːhkænæ/
karjaprogona,/ˈkɑrjɑˌproɡonɑ/
kellastua,/ˈkelːɑstuɑ/
griba,/ˈɡribɑ/
usaltaa,/ˈusɑltɑː/
henkäämiin,/ˈheŋkæːmine/
kagrasuurima,/ˈkɑɡrɑˌsuːrimɑ/
ripustaa,/ˈripustɑː/
hirnua,/ˈhirnuɑ/
koiria,/ˈkoi̯rijɑ/
kolkuttaa,/ˈkolkutːɑː/
harota,/ˈhɑrotɑ/
laittaa,/ˈlɑi̯tːɑː/
päissär,/ˈpæi̯sːær/
syrjy,/ˈsyrjy/
lappu,/ˈlɑpːu/
kommunista,/ˈkomːunistɑ/
šestidnevka,/ˈʃestidneʋkɑ/
meto,/ˈmeto/
julittaa,/ˈjulitːɑː/
esimerkki,/ˈesiˌmerkːi/
aliniitty,/ˈɑliˌniːtːy/
guljaittaa,/ˈɡulʲɑi̯tːɑː/
näin,/ˈnæi̯n/
kuristiissa,/ˈkurisˌtiːsːɑ/
syleksennellä,/ˈsyleksenːelːæ/
lammia,/ˈlɑmiɑ/
rautaastava,/ˈrɑu̯tɑˌɑstɑʋɑ/
kotihanhi,/ˈkotiˌhɑne/
kasvattaja,/ˈkɑsʋɑtːɑjɑ/
kurkola,/ˈkurkolɑ/
šulkkuvöö,/ˈʃulkːuˌʋøː/
makoitospaikka,/ˈmɑkoi̯tosˌpɑi̯kːɑ/
astavoittaa,/ˈɑstɑʋoi̯tːɑː/
leikata,/ˈlei̯kɑtɑ/
alutella,/ˈɑlutelːɑ/
povoinikka,/ˈpoʋoi̯nikːɑ/
saira,/ˈsɑi̯rɑ/
vastain,/ˈʋɑstɑi̯ne/
reissata,/ˈrei̯sːɑtɑ/
riissu,/ˈriːsːu/
sianmarja,/ˈsiɑnˌmɑrjɑ/
talo,/ˈtɑlo/
alkaa,/ˈɑlkɑː/
sylkiä,/ˈsylkiæ/
utu,/ˈutu/
ruskova,/ˈruskoʋɑ/
puusammal,/ˈpuːˌsɑmːɑl/
hanki,/ˈhɑŋki/
kuu,/ˈkuː/
laata,/ˈlɑ.ɑtɑ/
hohlittaa,/ˈhohlitːɑː/
nooremp,/ˈnoːrempi/
vittu,/ˈʋitːu/
hiki,/ˈhiki/
miä,/ˈmiæ̯/
maito,/ˈmɑi̯to/
taikinain,/ˈtɑi̯kinɑi̯ne/
rastii,/ˈrɑstiː/
vilkkaa,/ˈʋilkːɑː/
maitovarsa,/ˈmɑi̯toˌʋɑrsɑ/
jäniksenkapusta,/ˈjæniksenˌkɑpustɑ/
kakstoist kymmenäs,/ˈkɑkstoi̯stɑ ˈkymːenæs/
pohvaloittaa,/ˈpohʋɑloi̯tːɑː/
sananpohja,/ˈsɑnɑnˌpohjɑ/
muistavalliin,/ˈmui̯stɑʋɑlːine/
myllätä,/ˈmylːætæ/
puruli,/ˈpuruli/
hämärtyä,/ˈhæmærtyæ/
emälammas,/ˈemæˌlɑmːɑs/
sivu,/ˈsiʋu/
napa,/ˈnɑpɑ/
kynsi,/ˈkynsi/
syttyä,/ˈsytːyæ/
kalanrakko,/ˈkɑlɑnˌrɑkːo/
kino,/ˈkino/
kajahtaa,/ˈkɑjɑhtɑː/
kunigas,/ˈkuniɡɑs/
parisikko,/ˈpɑrisikːo/
škeettikka,/ˈʃkeːtːikːɑ/
kehnokkain,/ˈkehnokːɑi̯ne/
voima,/ˈʋoi̯mɑ/
suomi,/ˈsuomi/
ulkopooliin,/ˈulkoˌpoːliːn/
eriksee,/ˈerikseː/
paraikaa,/pɑˈrɑi̯kɑː/
peereskellä,/ˈpeːreskelːæ/
ohtajain,/ˈohtɑjɑi̯ne/
allaa,/ˈɑlɑː/
roojata,/ˈroːjɑtɑ/
peregnoi,/ˈpereɡnoi̯/
trilissä,/ˈtrilisːæ/
kehvel,/ˈkehʋel/
pääjyvä,/ˈpæːˌjyʋæ/
meriheinä,/ˈmeriˌhei̯næ/
ko,/ˈko/
kiirehtiä,/ˈkiːrehtiæ/
korota,/ˈkorotɑ/
sinimuna,/ˈsiniˌmunɑ/
liha,/ˈlihɑ/
känkykäs,/ˈkæŋkykæs/
kellit,/ˈkelːit/
vera,/ˈʋerɑ/
patretti,/ˈpɑtretːi/
kives,/ˈkiʋes/
kuppari,/ˈkupːɑri/
tönttölä,/ˈtøntːølæ/
elektricestvo,/ˈelek.trit͡ʃestʋo/
pavunpalko,/ˈpɑʋunˌpɑlko/
tarakkana,/ˈtɑrɑkːɑnɑ/
plaasteri,/ˈplɑːsteri/
njoo,/ˈnʲoː/
heeno,/ˈheːno/
kussaa,/ˈkusɑː/
kaltain,/ˈkɑltɑi̯ne/
hot,/ˈhot/
voona,/ˈʋoːnɑ/
liivamäki,/ˈliːʋɑˌmæki/
neet,/ˈneːt/
köhähtää,/ˈkøhæhtæː/
kuuvalo,/ˈkuːˌʋɑlo/
kiljahtaa,/ˈkiljɑhtɑː/
arvoa,/ˈɑrʋoɑ/
uus voos,/ˈuːs ˈʋoːs/
tau-sagьz,/ˈtɑu̯ ˈsɑɡɨz/
haisu,/ˈhɑi̯su/
silmäripsu,/ˈsilmæˌripsu/
vait,/ˈʋɑi̯t/
otsattomast,/ˈot͡sɑtːomɑstɑ/
sakkali,/ˈsɑkːɑli/
karppa,/ˈkɑrpːɑ/
kanain,/ˈkɑnɑi̯ne/
škoulu,/ˈʃkou̯lu/
puunaagla,/ˈpuːˌnɑːɡlɑ/
kerkiäst,/ˈkerkiæstæ/
etemmäks,/ˈetemːækse/
tappaa,/ˈtɑpːɑː/
kyllys,/ˈkylːys/
haissella,/ˈhɑi̯sːelːɑ/
märätä,/ˈmærætæ/
niin saottu,/ˈniːn ˈsɑotːu/
vetelys,/ˈʋetelys/
ratsu,/ˈrɑt͡su/
lesorivankkuri,/ˈlesoriˌʋɑŋkːuri/
njokahtaa,/ˈnʲokɑhtɑː/
latvakas,/ˈlɑtʋɑkɑs/
pyhä,/ˈpyhæ/
sikamarja,/ˈsikɑˌmɑrjɑ/
kyyrystäissä,/ˈkyːrystæi̯sːæ/
sukka,/ˈsukːɑ/
oikiaal,/ˈoi̯kiɑlːɑ/
kiini,/ˈkiːni/
näpissellä,/ˈnæpisːelːæ/
naapertin,/ˈnɑːpertin/
hoovvata,/ˈhoːʋːɑtɑ/
maku,/ˈmɑku/
näkkiäsmees,/ˈnækiæsˌmeːs/
ränne,/ˈrænːe/
kirkko,/ˈkirkːo/
mikälitse,/ˈmikælit͡se/
kuppikapja,/ˈkupːiˌkɑpjɑ/
selkänahka,/ˈselkæˌnɑhkɑ/
länspohja,/ˈlænsˌpohjɑ/
laukaa,/ˈlɑu̯kɑː/
burnoi,/ˈburnoi̯/
rahakas,/ˈrɑhɑkɑs/
pisama,/ˈpisɑmɑ/
kilina,/ˈkilinɑ/
mašinistka,/ˈmɑʃinistkɑ/
nagrahtaa,/ˈnɑɡrɑhtɑː/
riista,/ˈriːstɑ/
šuutkia,/ˈʃuːtkiɑ/
kaksmaštiin,/ˈkɑksˌmɑʃtine/
buntta,/ˈbuntːɑ/
ikävöijä,/ˈikæʋøi̯jæ/
muuzьkka,/ˈmuːzɨkːɑ/
panna kiini,/ˈpɑnːɑ ˈkiːni/
metsäkuha,/ˈmet͡sæˌkuhɑ/
käpö,/ˈkæpø/
petteri,/ˈpetːeri/
laksi,/ˈlɑksi/
baptisti,/ˈbɑptisti/
sauttaa,/ˈsɑu̯tːɑː/
vähittee,/ˈʋæhitːeː/
unohtua,/ˈunohtuɑ/
hotka,/ˈhotkɑ/
tähekäs,/ˈtæhekæs/
povarnoi,/ˈpoʋɑrnoi̯/
granitta,/ˈɡrɑnitːɑ/
heille,/ˈhei̯lːe/
öölaakko,/ˈøːˌlɑːkːo/
paljas,/ˈpɑljɑs/
keppi,/ˈkepːi/
pääst,/ˈpæːstæ/
peremees,/ˈpereˌmeːs/
kulkkumuna,/ˈkulkːuˌmunɑ/
länget,/ˈlæŋɡet/
ammua,/ˈɑmːuɑ/
laskiissa,/ˈlɑskiːsːɑ/
ryssys,/ˈrysːys/
kupeli,/ˈkupeli/
etemmäs,/ˈetemːæs/
liivakas,/ˈliːʋɑkɑs/
lintuin,/ˈlintui̯ne/
kaheksantoist kymmenäs,/ˈkɑheksɑntoi̯stɑ ˈkymːenæs/
meglata,/ˈmeɡlɑtɑ/
munnia,/ˈmuniɑ/
linna,/ˈlinːɑ/
saijajauho,/ˈsɑi̯jɑˌjɑu̯ho/
steeppenivaihto,/ˈsteːpːeniˌʋɑi̯hto/
kambakala,/ˈkɑmbɑˌkɑlɑ/
kyrpä,/ˈkyrpæ/
manitella,/ˈmɑnitelːɑ/
raskahus,/ˈrɑskɑhus/
kukkula,/ˈkukːulɑ/
hepoisoboza,/ˈhepoi̯sˌobozɑ/
bašmakka,/ˈbɑʃmɑkːɑ/
minni,/ˈminːi/
paukku,/ˈpɑu̯kːu/
paijata,/ˈpɑi̯jɑtɑ/
pouta,/ˈpou̯tɑ/
sudakka,/ˈsudɑkːɑ/
merimees,/ˈmeriˌmeːs/
raisu,/ˈrɑi̯su/
koirus,/ˈkoi̯rus/
paha,/ˈpɑhɑ/
elpyä,/ˈelpyæ/
varvana,/ˈʋɑrʋɑnɑ/
paasi,/ˈpɑːsi/
pehkosaari,/ˈpehkoˌsɑːri/
perält,/ˈperæltæ/
henkähös,/ˈheŋkæhøs/
gruntti,/ˈɡruntːi/
muila,/ˈmui̯lɑ/
koma,/ˈkomɑ/
rippua,/ˈripːuɑ/
jalkarätti,/ˈjɑlkɑˌrætːi/
sisoin,/ˈsisoi̯ne/
leppäin,/ˈlepːæi̯ne/
lakkia,/ˈlɑkiɑ/
kaila,/ˈkɑi̯lɑ/
arkaloontoin,/ˈɑrkɑˌloːntoi̯ne/
lapsenlaulu,/ˈlɑpsenˌlɑu̯lu/
varas,/ˈʋɑrɑs/
ijuuli,/ˈijuːli/
pappu,/ˈpɑpːu/
suur,/ˈsuːri/
traktorista,/ˈtrɑktoˌristɑ/
että,/ˈetːæ/
kulikka,/ˈkulikːɑ/
udarnitsa,/ˈudɑrnit͡sɑ/
oelma,/ˈoelmɑ/
en,/ˈen/
täintappaja,/ˈtæi̯nˌtɑpːɑjɑ/
orasheinä,/ˈorɑsˌhei̯næ/
seukokset,/ˈseu̯kokset/
täyttää,/ˈtæy̯tːæː/
liikkumiin,/ˈliːkːumine/
kurki,/ˈkurki/
pyyhkiä,/ˈpyːhkiæ/
rissimä,/ˈrisːimæ/
gaika,/ˈɡɑi̯kɑ/
pertti,/ˈpertːi/
tukkia,/ˈtukiɑ/
eitsi,/ˈei̯t͡si/
meelenlaaja,/ˈmeːlenˌlɑːjɑ/
yli,/ˈyli/
opokkavihma,/ˈopokːɑˌʋihmɑ/
metsätundra,/ˈmet͡sæˌtundrɑ/
alas,/ˈɑlɑs/
cuvstva,/ˈt͡ʃuʋstʋɑ/
iimenäiset,/ˈiːmenæi̯set/
lollo,/ˈlolːo/
naisiinpäivä,/ˈnɑi̯siːnˌpæi̯ʋæ/
kitissä,/ˈkitisːæ/
virsta,/ˈʋirstɑ/
rauhalliin,/ˈrɑu̯hɑlːine/
syttää,/ˈsytːæː/
laine,/ˈlɑi̯ne/
odra,/ˈodrɑ/
adessiva,/ˈɑdesːiʋɑ/
oblono,/ˈoblono/
avattu,/ˈɑʋɑtːu/
kural,/ˈkurɑlːɑ/
lumikulvehto,/ˈlumiˌkulʋehto/
ristii rastii,/ˈristiː ˈrɑstiː/
verta,/ˈʋertɑ/
munain,/ˈmunɑi̯ne/
kunitsa,/ˈkunit͡sɑ/
haikottaa,/ˈhɑi̯kotːɑː/
ensimäin sormi,/ˈensimæi̯ne ˈsormi/
joomari,/ˈjoːmɑri/
keeli,/ˈkeːli/
povvi,/ˈpoʋːi/
tappura,/ˈtɑpːurɑ/
suppi,/ˈsupːi/
tihtii,/ˈtihtiːsːe/
pittiissä,/ˈpitiːsːæ/
pikkuruiskuin,/ˈpikːurui̯skui̯ne/
minnua kutsutaa …,/ˈminuɑ ˈkut͡sutɑː/
vennäin,/ˈʋenːæi̯n/
kuuvveskymmenäs,/ˈkuːʋːeskymːenæs/
orjus,/ˈorjus/
imettävä,/ˈimetːæʋæ/
metsätäti,/ˈmet͡sæˌtæti/
palkolliin,/ˈpɑlkolːine/
vaapsahain,/ˈʋɑːpsɑhɑi̯ne/
hiirenherne,/ˈhiːrenˌherne/
köyttää,/ˈkøy̯tːæː/
selkäaivo,/ˈselkæˌɑi̯ʋo/
nastasja,/ˈnɑstɑsjɑ/
heinäkapine,/ˈhei̯næˌkɑpine/
uhkua,/ˈuhkuɑ/
rantakala,/ˈrɑntɑˌkɑlɑ/
allaalt,/ˈɑlɑːltɑ/
šolkku,/ˈʃolkːu/
tantsu,/ˈtɑnt͡su/
roho,/ˈroho/
napravlenia,/ˈnɑprɑʋlenjɑ/
naarata,/ˈnɑːrɑtɑ/
klingata,/ˈkliŋɡɑtɑ/
markko,/ˈmɑrkːo/
yheksänkymment,/ˈyheksænˌkymːentæ/
jätös,/ˈjætøs/
detsi-,/ˈdet͡si-/
platona,/ˈplɑtonɑ/
himottaa,/ˈhimotːɑː/
maakas,/ˈmɑːkɑs/
ootta,/ˈoːtːɑ/
jännittää,/ˈjænːitːæː/
koiralt,/ˈkoi̯rɑltɑ/
reunapaikka,/ˈreu̯nɑˌpɑi̯kːɑ/
šolkata,/ˈʃolkɑtɑ/
varsanpolvi,/ˈʋɑrsɑnˌpolʋi/
kilo,/ˈkilo/
aista,/ˈɑ.istɑ/
päätauti,/ˈpæːˌtɑu̯ti/
mykkä,/ˈmykːæ/
uskoa,/ˈuskoɑ/
kalaseegla,/ˈkɑlɑˌseːɡlɑ/
värttänämato,/ˈʋærtːænæˌmɑto/
jokilaiva,/ˈjokiˌlɑi̯ʋɑ/
hitto,/ˈhitːo/
uuvvestaa,/ˈuːʋːestɑː/
valjo,/ˈʋɑljo/
udava,/ˈudɑʋɑ/
olkitalla,/ˈolkiˌtɑlːɑ/
jäätyttää,/ˈjæːtytːæː/
siivo,/ˈsiːʋo/
ööitku,/ˈøːˌitku/
loheta,/ˈlohetɑ/
retuisa,/ˈretui̯sɑ/
joukko,/ˈjou̯kːo/
krandošši,/ˈkrɑndoʃːi/
mesi,/ˈmesi/
lavo,/ˈlɑʋo/
krääkki,/ˈkræːkːi/
butka,/ˈbutkɑ/
kaali,/ˈkɑːli/
komitativa,/ˈkomitɑˌtiʋɑ/
habrastava,/ˈhɑbrɑstɑʋɑ/
hoitaa,/ˈhoi̯tɑː/
kytin,/ˈkytin/
matkavene,/ˈmɑtkɑˌʋene/
purnu,/ˈpurnu/
kukkohanhi,/ˈkukːoˌhɑne/
asettaa,/ˈɑsetːɑː/
varkahus,/ˈʋɑrkɑhus/
tööhepoin,/ˈtøːˌhepoi̯ne/
etsiä,/ˈet͡siæ/
kozeri,/ˈkozeri/
korjahuskamppania,/ˈkorjɑhusˌkɑmpːɑniɑ/
seukkoin,/ˈseu̯kːoi̯n/
cubukka,/ˈt͡ʃubukːɑ/
patukka,/ˈpɑtukːɑ/
järkenää,/ˈjærkenæː/
instruktiva,/ˈinstruktiʋɑ/
kaksikko,/ˈkɑksikːo/
aattonna,/ˈɑːtːonːɑ/
lari,/ˈlɑri/
klaiza,/ˈklɑi̯zɑ/
seisohtua,/ˈsei̯sohtuɑ/
höbliä,/ˈhøblijæ/
odrain,/ˈodrɑi̯ne/
tuppu,/ˈtupːu/
kesävilla,/ˈkesæˌʋilːɑ/
korvalehti,/ˈkorʋɑˌlehti/
lappaa,/ˈlɑpɑː/
strelkka,/ˈstrelkːɑ/
tsentnera,/ˈt͡sentnerɑ/
lukkia,/ˈlukiɑ/
vatsakas,/ˈʋɑt͡sɑkɑs/
kokonaa,/ˈkokonɑː/
joulujolkka,/ˈjou̯luˌjolkːɑ/
kassella,/ˈkɑsːelːɑ/
opettaja,/ˈopetːɑjɑ/
maaporoda,/ˈmɑːˌporodɑ/
harva,/ˈhɑrʋɑ/
särvi,/ˈsærʋi/
potkia,/ˈpotkijɑ/
lypsää,/ˈlypsæː/
tavata kiin,/ˈtɑʋɑtɑ ˈkiːn/
varju,/ˈʋɑrʲu/
ja niin etes,/ˈjɑ ˈniːn ˈetes/
neljävootiin,/ˈneljæˌʋoːtine/
koiranmarja,/ˈkoi̯rɑnˌmɑrjɑ/
sohma,/ˈsohmɑ/
veerais,/ˈʋeːrɑi̯sːɑ/
kikoria,/ˈkikoriɑ/
hyvvyys,/ˈhyʋyːs/
elektrolamppu,/ˈelektroˌlɑmpːu/
vire,/ˈʋire/
puna,/ˈpunɑ/
rummensaraja,/ˈrumːenˌsɑrɑjɑ/
kumpa,/ˈkumpɑ/
neiti,/ˈnei̯ti/
sööttää,/ˈsøːtːæː/
näsä,/ˈnæsæ/
suuttua,/ˈsuːtːuɑ/
aatto,/ˈɑːtːo/
pitkin,/ˈpitkin/
hulkkua,/ˈhulkːuɑ/
haikotella,/ˈhɑi̯koˌtelːɑ/
katsomus,/ˈkɑt͡somus/
partta,/ˈpɑrtːɑ/
pinissä,/ˈpinisːæ/
kusitrubka,/ˈkusiˌtrubkɑ/
kruga,/ˈkruɡɑ/
kastaa,/ˈkɑstɑː/
ranta,/ˈrɑntɑ/
märkänessä,/ˈmærkæˌnesːæ/
otkrьtka,/ˈotkrɨtkɑ/
jaanikutu,/ˈjɑːniˌkutu/
koohuissa,/ˈkoːhui̯sːɑ/
päiväläin,/ˈpæi̯ʋælæi̯ne/
kubametra,/ˈkubɑˌmetrɑ/
siima,/ˈsiːmɑ/
pimehys,/ˈpimehys/
uhkia,/ˈuhkijɑ/
mookata,/ˈmoːkɑtɑ/
onnekas,/ˈonːekɑs/
huja,/ˈhujɑ/
kiiliäin,/ˈkiːlijæi̯ne/
olkaa hyvät,/ˈolkɑː ˈhyʋæt/
peräst,/ˈperæstæ/
rapakivi,/ˈrɑpɑˌkiʋi/
hikirakko,/ˈhikiˌrɑkːo/
huntu,/ˈhuntu/
orimarja,/ˈoriˌmɑrjɑ/
plaana,/ˈplɑːnɑ/
suurpyhä,/ˈsuːrˌpyhæ/
hapantaa,/ˈhɑpɑntɑː/
kirja,/ˈkirjɑ/
ruinata,/ˈrui̯nɑtɑ/
pahko,/ˈpɑhko/
erojaiset,/ˈerojɑi̯set/
männä,/ˈmænːæ/
skripka,/ˈskripkɑ/
öölapakko,/ˈøːˌlɑpɑkːo/
pressata,/ˈpresːɑtɑ/
daaže,/ˈdɑːʒe/
kärkkä,/ˈkærkːæ/
jaadumato,/ˈjɑːduˌmɑto/
söökkikerus,/ˈsøːkːiˌkerus/
korppu,/ˈkorpːu/
saarni,/ˈsɑːrni/
markittana,/ˈmɑrkitːɑnɑ/
vesilintu,/ˈʋesiˌlintu/
merkitös,/ˈmerkitøs/
punttalauta,/ˈpuntːɑˌlɑu̯tɑ/
valkia karhu,/ˈʋɑlkiɑ ˈkɑru/
sivupiiluu,/ˈsiʋuˌpiːˌluː/
lappaa,/ˈlɑpːɑː/
mämlä,/ˈmæmlæ/
pyytää,/ˈpyːtæː/
aivassus,/ˈɑi̯ʋɑsːus/
begemootta,/ˈbeɡemoːtːɑ/
kirjamerkki,/ˈkirjɑˌmerkːi/
saksanrooko,/ˈsɑksɑnˌroːko/
vesiheinä,/ˈʋesiˌhei̯næ/
kannut,/ˈkɑnːut/
sluužia,/ˈsluːʒiɑ/
hullussella,/ˈhulːusːelːɑ/
raataa,/ˈrɑːtɑː/
koikka,/ˈkoi̯kːɑ/
hajottaa,/ˈhɑjotːɑː/
etähäin,/ˈetæhæi̯ne/
ilkiä,/ˈilkiæ/
niiskavatsa,/ˈniːskɑˌʋɑt͡sɑ/
oentaa,/ˈoentɑː/
kives,/ˈkiʋesːæ/
aastaika,/ˈɑːstɑi̯kɑ/
lissäämiin,/ˈlisæːmine/
marjavars,/ˈmɑrjɑˌʋɑrsi/
aivastaissa,/ˈɑi̯ʋɑstɑi̯sːɑ/
ižora,/ˈiʒorɑ/
naissuku,/ˈnɑi̯sˌsuku/
hookukerus,/ˈhoːkuˌkerus/
tacka,/ˈtɑt͡ʃkɑ/
emo,/ˈemo/
kokuttaa,/ˈkokutːɑː/
virka,/ˈʋirkɑ/
kue,/ˈkue/
pilvikäs,/ˈpilʋikæs/
apo,/ˈɑpo/
lukija,/ˈlukijɑ/
taevesi,/ˈtɑeˌʋesi/
pulmalliin,/ˈpulmɑlːine/
rajalle,/ˈrɑjɑlːe/
rinta,/ˈrintɑ/
häpy,/ˈhæpy/
suurus,/ˈsuːrus/
morža,/ˈmorʒɑ/
haukkumiin,/ˈhɑu̯kːumine/
läkkäämisjutto,/ˈlækæːmisˌjutːo/
mukkura,/ˈmukːurɑ/
suursuu,/ˈsuːrˌsuː/
jalkatroppa,/ˈjɑlkɑˌtropːɑ/
pellovasrihma,/ˈpelːoʋɑsˌrihmɑ/
vaimo,/ˈʋɑi̯mo/
industriaraijona,/ˈindu.striɑˌrɑi̯jonɑ/
maistaissa,/ˈmɑstɑi̯sːɑ/
vähälumiin,/ˈʋæhæˌlumine/
vunukka,/ˈʋunukːɑ/
pittuussteeppeni,/ˈpituːsˌsteːpːeni/
odnako,/ˈodnɑko/
rahi,/ˈrɑhi/
cääjy,/ˈt͡ʃæːjy/
söövvä,/ˈsyʋːæ/
joottaa,/ˈjoːtːɑː/
naapuri,/ˈnɑːpuri/
synnyttää,/ˈsynːytːæː/
rucka,/ˈrut͡ʃkɑ/
ristipiiluu,/ˈristiˌpiːˌluː/
sto,/ˈsto/
konjunktsia,/ˈkonjuŋkt͡siɑ/
tavata,/ˈtɑʋɑtɑ/
kirmiä,/ˈkirmiæ/
talvivilla,/ˈtɑlʋiˌʋilːɑ/
lihhoa,/ˈlihoɑ/
muruin,/ˈmurui̯ne/
voimakkuussteeppeni,/ˈʋoi̯mɑkːuːsˌsteːpːeni/
suur aivo,/ˈsuːr ˈɑi̯ʋo/
prostoimp,/ˈprostoi̯mpi/
avittaa,/ˈɑʋitːɑː/
pogranicnikka,/ˈpoɡrɑnit͡ʃnikːɑ/
slantsa,/ˈslɑnt͡sɑ/
aukku,/ˈɑu̯kːu/
pikki,/ˈpikːi/
erikko,/ˈerikːo/
kaksikkoin,/ˈkɑksikːoi̯ne/
äly,/ˈæly/
marha,/ˈmɑrhɑ/
jäinnä,/ˈjæi̯nːæ/
mitta,/ˈmitːɑ/
hiiro,/ˈhiːro/
taikain,/ˈtɑi̯kɑi̯ne/
joka,/ˈjokɑ/
vervi,/ˈʋerʋi/
pudro,/ˈpudro/
koolleensanoma,/ˈkoːlːeːnˌsɑnomɑ/
punapelto,/ˈpunɑˌpelto/
liiva,/ˈliːʋɑ/
toohiin,/ˈtoːhiːn/
vimpapiiras,/ˈʋimpɑˌpiːrɑs/
kantaa,/ˈkɑntɑː/
puukko,/ˈpuːkːo/
asra,/ˈɑsrɑ/
seukko,/ˈseu̯kːo/
pahain,/ˈpɑhɑi̯ne/
kannu,/ˈkɑnːu/
jäärappa,/ˈjæːˌrɑpːɑ/
kiissellä,/ˈkiːsːelːæ/
viinaveerre,/ˈʋiːnɑˌʋeːrːe/
huuhtoa,/ˈhuːhtoɑ/
kalatoin,/ˈkɑlɑtoi̯n/
šahmatat,/ˈʃɑhmɑtɑt/
seisohtaissa,/ˈsei̯sohˌtɑi̯sːɑ/
karjankasvattaja,/ˈkɑrjɑnˌkɑsʋɑtːɑjɑ/
soojamaito,/ˈsoːjɑˌmɑi̯to/
sitkiä,/ˈsitkiæ/
koiria,/ˈkoi̯riɑ/
ykstoist kymmenäs,/ˈykstoi̯stɑ ˈkymːenæs/
sisusorgana,/ˈsisusˌorɡɑnɑ/
osata,/ˈosɑtɑ/
sorsa,/ˈsorsɑ/
kooria,/ˈkoːriɑ/
picka,/ˈpit͡ʃkɑ/
puuvoi,/ˈpuːˌʋoi̯/
kujalt,/ˈkujɑltɑ/
vassata,/ˈʋɑsːɑtɑ/
jolkka,/ˈjolkːɑ/
posьlkka,/ˈposɨlkːɑ/
mero,/ˈmero/
ohjata,/ˈohjɑtɑ/
tehniceskoi,/ˈtehnit͡ʃeskoi̯/
numeratsia,/ˈnumerɑt͡siɑ/
yhtehys,/ˈyhtehys/
marjavesi,/ˈmɑrjɑˌʋesi/
päärmätä,/ˈpæːrmætæ/
selvä,/ˈselʋæ/
ohhaus,/ˈohɑu̯s/
rebinalintu,/ˈrebinɑˌlintu/
yhtee,/ˈyhteː/
peräjyvät,/ˈperæˌjyʋæt/
kukkia,/ˈkukːiɑ/
kosa,/ˈkosɑ/
huimakas,/ˈhui̯mɑkɑs/
villaleve,/ˈʋilːɑˌleʋe/
ylioppi,/ˈyliˌopːi/
raajuveräjä,/ˈrɑːjuˌʋeræjæ/
telefonapatsas,/ˈtelefonɑˌpɑt͡sɑs/
produkta,/ˈproduktɑ/
puukkoveitsi,/ˈpuːkːoˌʋei̯t͡si/
cereda,/ˈt͡ʃeredɑ/
romaška,/ˈromɑʃkɑ/
selkäpiikäs,/ˈselkæˌpiːkæs/
tulo,/ˈtulo/
pajuisikko,/ˈpɑjui̯sikːo/
krahmalo,/ˈkrɑhmɑlo/
käsky,/ˈkæsky/
huitsuttaa,/ˈhui̯t͡sutːɑː/
takakelkka,/ˈtɑkɑˌkelkːɑ/
veeru,/ˈʋeːru/
heinätaakka,/ˈhei̯næˌtɑːkːɑ/
barabana,/ˈbɑrɑbɑnɑ/
tööst,/ˈtøːstæ/
päriin,/ˈpærine/
sakkeli,/ˈsɑkːeli/
kleittää,/ˈklei̯tːæː/
keskenää,/ˈkeskenæː/
sokka,/ˈsokːɑ/
elokas,/ˈelokɑs/
kirkkotee,/ˈkirkːoˌteː/
väkövä,/ˈʋækeʋæ/
hyypiäs,/ˈhyːpiæs/
kablukka,/ˈkɑblukːɑ/
piirakkaa,/ˈpiːrɑkːɑː/
kuri,/ˈkuri/
haisua,/ˈhɑi̯suɑ/
hikiäin,/ˈhikijæi̯ne/
kyl,/ˈkyl/
maja,/ˈmɑjɑ/
hoitiissa,/ˈhoi̯tiːsːɑ/
pois,/ˈpoi̯s/
tuulenhenki,/ˈtuːlenˌheŋki/
kuras,/ˈkurɑs/
tuhkapussi,/ˈtuhkɑˌpusːi/
lappi,/ˈlɑpːi/
hukkua,/ˈhukːuɑ/
bumažnoi,/ˈbumɑʒnoi̯/
jalalle,/ˈjɑlɑlːe/
vahveta,/ˈʋɑhʋetɑ/
toukata,/ˈtou̯kɑtɑ/
vinkiä,/ˈʋiŋkiæ/
häntäpiiluu,/ˈhæntæˌpiːˌluː/
pelsimet,/ˈpelsimet/
sil aikaa,/ˈsilːæ ˈɑi̯kɑː/
takapaju,/ˈtɑkɑˌpɑju/
tyvi,/ˈtyʋi/
ruskia,/ˈruskiɑ/
uks,/ˈuks/
nahkamuna,/ˈnɑhkɑˌmunɑ/
puukanki,/ˈpuːˌkɑŋki/
rampajalkain,/ˈrɑmpɑˌjɑlkɑi̯ne/
religia,/ˈreliɡiɑ/
täi,/ˈtæi̯/
alustrenki,/ˈɑlusˌtreŋki/
pakana,/ˈpɑkɑnɑ/
oolo,/ˈoːlo/
vatsa,/ˈʋɑt͡sɑ/
eetä,/ˈe.etæ/
neemi,/ˈneːmi/
sikälitse,/ˈsikælit͡se/
rammita,/ˈrɑmːitɑ/
neikko,/ˈnei̯kːo/
matalaisest,/ˈmɑtɑlɑi̯sestɑ/
soovehka,/ˈsoːˌʋehkɑ/
airana,/ˈɑi̯rɑnɑ/
vatsanmako,/ˈʋɑt͡sɑnˌmɑko/
kylä,/ˈkylæ/
piirakka,/ˈpiːrɑkːɑ/
jumalalliin,/ˈjumɑlɑlːine/
rampajalka,/ˈrɑmpɑˌjɑlkɑ/
nostajain,/ˈnostɑjɑi̯ne/
daro,/ˈdɑro/
pesetellä,/ˈpesetelːæ/
venäkkö,/ˈʋenækːø/
inženera,/ˈinʒenerɑ/
kesäaika,/ˈkesæˌɑi̯kɑ/
ivo,/ˈiʋo/
tuntu,/ˈtuntu/
kuuluva,/ˈkuːluʋɑ/
heittiissä,/ˈhei̯tːiːsːæ/
rintakletka,/ˈrintɑˌkletkɑ/
merizveeri,/ˈmeriˌzʋeːri/
silmäkarva,/ˈsilmæˌkɑrʋɑ/
näntkä,/ˈnæntkæ/
vällii,/ˈʋæliː/
heinäsikkö,/ˈhei̯næsikːø/
nukahtaissa,/ˈnukɑhtɑi̯sːɑ/
manna,/ˈmɑnːɑ/
muuzeja,/ˈmuːzejɑ/
tammilauta,/ˈtɑmːiˌlɑu̯tɑ/
kaihota,/ˈkɑi̯hotɑ/
pohja,/ˈpohjɑ/
linnakko,/ˈlinːɑkːo/
helliä,/ˈheliæ/
päivänlasku,/ˈpæi̯ʋænˌlɑsku/
kakskolmatta,/ˈkɑksˌkolmɑtːɑ/
ööl,/ˈøːlːæ/
härkäin,/ˈhærkæi̯ne/
nokka,/ˈnokːɑ/
vasta-,/ˈʋɑstɑ-/
poljarnoi öö,/ˈpolʲɑrnoi̯ ˈøː/
reeskamaito,/ˈreːskɑˌmɑi̯to/
soomakko,/ˈsoːmɑkːo/
elustaa,/ˈelustɑː/
veekas,/ˈʋeːkɑs/
moni,/ˈmoni/
karja,/ˈkɑrjɑ/
meilt,/ˈmei̯ltæ/
talviruis,/ˈtɑlʋiˌru.is/
lesorivankkurit,/ˈlesoriˌʋɑŋkːurit/
lintuin,/ˈlintui̯n/
kuuvalkia,/ˈkuːˌʋɑlkiɑ/
inhota,/ˈinotɑ/
torahammas,/ˈtorɑˌhɑmːɑs/
popugai,/ˈpopuɡɑi̯/
aattua,/ˈɑːtːuɑ/
cuhna,/ˈt͡ʃuhnɑ/
vestää,/ˈʋestæː/
jyrypilvi,/ˈjyryˌpilʋi/
perriä,/ˈperijæ/
arvolliin,/ˈɑrʋolːine/
rasvata,/ˈrɑsʋɑtɑ/
curattaa,/ˈt͡ʃurɑtːɑː/
kekelä,/ˈkekelæ/
lumihiutale,/ˈlumiˌhiu̯tɑle/
kultapää,/ˈkultɑˌpæː/
tantsupaikka,/ˈtɑnt͡suˌpɑi̯kːɑ/
podaroittaa,/ˈpodɑroi̯tːɑː/
murhamees,/ˈmurɑˌmeːs/
vavanjalka,/ˈʋɑʋɑnˌjɑlkɑ/
surmata,/ˈsurmɑtɑ/
myhähtää,/ˈmyhæhtæː/
kurvi,/ˈkurʋi/
seestaraisripsu,/ˈseːstɑrɑi̯sˌripsu/
aikaisee,/ˈɑi̯kɑi̯seː/
ruumeenpuut,/ˈruːmeːnˌpuːt/
houkka,/ˈhou̯kːɑ/
vašington,/ˈʋɑʃiŋɡton/
saavva hukkaa,/ˈsɑːʋːɑ ˈhukːɑː/
muilakas,/ˈmui̯lɑkɑs/
sorttu,/ˈsortːu/
toohikatto,/ˈtoːhiˌkɑtːo/
pöllytellä,/ˈpølːytelːæ/
staruhha,/ˈstɑruxːɑ/
turra,/ˈturːɑ/
laskiella,/ˈlɑski.elːɑ/
annu,/ˈɑnːu/
esmessarki,/ˈesmesˌsɑrki/
uijua,/ˈujuɑ/
saunanain,/ˈsɑu̯nɑˌnɑi̯ne/
mertain,/ˈmertɑi̯ne/
silakka,/ˈsilɑkːɑ/
merkitty,/ˈmerkitːy/
odranpää,/ˈodrɑnˌpæː/
suenleeka,/ˈsuenˌleːkɑ/
väkkärä,/ˈʋækːæræ/
tinkiä,/ˈtiŋkiæ/
loonna,/ˈloːnːɑ/
ristii,/ˈristiː/
ciukkaa,/ˈt͡ʃiu̯kːɑː/
koollut,/ˈkoːlːut/
keerrellä,/ˈkeːrːelːæ/
rintaosa,/ˈrintɑˌosɑ/
merkitä,/ˈmerkitæ/
suksia,/ˈsuksijɑ/
vasara,/ˈʋɑsɑrɑ/
lukku,/ˈlukːu/
syrjä,/ˈsyrjæ/
emä,/ˈemæ/
ruikokas,/ˈrui̯kokɑs/
peltomaa,/ˈpeltoˌmɑː/
ostooma,/ˈostoˌomɑ/
öö,/ˈøː/
muuran,/ˈmuːrɑn/
maasteroittaa,/ˈmɑːsteroi̯tːɑː/
keskipaikka,/ˈkeskiˌpɑi̯kːɑ/
pocka,/ˈpot͡ʃkɑ/
uhka,/ˈuhkɑ/
bronza,/ˈbronzɑ/
europpa,/ˈeu̯ropːɑ/
pikissä,/ˈpikisːæ/
väljää,/ˈʋæljæː/
sisava,/ˈsisɑʋɑ/
kärpäin,/ˈkærpæi̯ne/
herkkä,/ˈherkːæ/
marjukkain,/ˈmɑrjukːɑi̯ne/
hailinkutu,/ˈhɑi̯linˌkutu/
mesimarja,/ˈmesiˌmɑrjɑ/
vahvenoittaa,/ˈʋɑhʋenoi̯tːɑː/
itku,/ˈitku/
basnja,/ˈbɑsnʲɑ/
jorvia,/ˈjorʋiɑ/
rakentaissa,/ˈrɑkentɑi̯sːɑ/
naakka,/ˈnɑːkːɑ/
vappaa,/ˈʋɑpɑː/
kivikirkko,/ˈkiʋiˌkirkːo/
rapa,/ˈrɑpɑ/
tuulekas,/ˈtuːlekɑs/
töökäs,/ˈtøːkæs/
paukkaa,/ˈpɑu̯kːɑː/
tavoittaa,/ˈtɑʋoi̯tːɑː/
kirkkostoroža,/ˈkirkːoˌstoroʒɑ/
ak,/ˈɑk/
tiitämätöin,/ˈtiːtæmætøi̯n/
toin,/ˈtoi̯n/
jouhikas,/ˈjou̯hikɑs/
jaati,/ˈjɑːti/
kottii,/ˈkotiːsːe/
evät,/ˈeʋæt/
hoikka,/ˈhoi̯kːɑ/
vokalagarmonia,/ˈʋokɑlɑˌɡɑrmoniɑ/
äänetöin,/ˈæːnetøi̯n/
kossia,/ˈkosijɑ/
luisata,/ˈlui̯sɑtɑ/
synni,/ˈsynːi/
viikko,/ˈʋiːkːo/
luhti,/ˈluhti/
raskas,/ˈrɑskɑs/
hallia,/ˈhɑlːiɑ/
puutoukka,/ˈpuːˌtou̯kːɑ/
prökky,/ˈprøkːy/
kerrääjät,/ˈkeræːjæt/
viipuri,/ˈʋiːpuri/
tuhkahumala,/ˈtuhkɑˌhumɑlɑ/
talja,/ˈtɑljɑ/
noekas,/ˈnoekɑs/
honka,/ˈhoŋkɑ/
miten,/ˈmiten/
rintamaito,/ˈrintɑˌmɑi̯to/
varassos,/ˈʋɑrɑsːos/
halki,/ˈhɑlki/
kakstoist,/ˈkɑkstoi̯stɑ/
ramka,/ˈrɑmkɑ/
tihhiä,/ˈtihiæ/
munnia,/ˈmunijɑ/
jalast,/ˈjɑlɑstɑ/
vihmapäivä,/ˈʋihmɑˌpæi̯ʋæ/
katsoa,/ˈkɑt͡soɑ/
sikain,/ˈsikɑi̯ne/
kääntiissä,/ˈkæːntiːsːæ/
polkia,/ˈpolkiɑ/
saani,/ˈsɑːni/
lastu,/ˈlɑstu/
kaotus,/ˈkɑotus/
tilkuttaa,/ˈtilkutːɑː/
sukuri,/ˈsukuri/
koitella,/ˈkoi̯telːɑ/
pittuusmitta,/ˈpituːsˌmitːɑ/
rooja,/ˈroːjɑ/
punettia,/ˈpunetːiɑ/
kaivokokka,/ˈkɑi̯ʋoˌkokːɑ/
nuužnikka,/ˈnuːʒnikːɑ/
takanna,/ˈtɑkɑnːɑ/
aktinidia,/ˈɑktinidiɑ/
unilintu,/ˈuniˌlintu/
reteli,/ˈreteli/
tervakukka,/ˈterʋɑˌkukːɑ/
balkka,/ˈbɑlkːɑ/
jalanpohja,/ˈjɑlɑnˌpohjɑ/
punain flootta,/ˈpunɑne ˈfloːtːɑ/
vesikelkka,/ˈʋesiˌkelkːɑ/
keelisisteema,/ˈkeːliˌsisteːmɑ/
etähäitse,/ˈetæhæi̯t͡se/
nöyrä,/ˈnøy̯ræ/
pyhänpanekkipäivä,/ˈpyhænˌpɑnekːiˌpæi̯ʋæ/
ripsuta,/ˈripsutɑ/
värissä,/ˈʋærisːæ/
kultalauta,/ˈkultɑˌlɑu̯tɑ/
kvadratta,/ˈkʋɑdrɑtːɑ/
napapuu,/ˈnɑpɑˌpuː/
avahtua,/ˈɑʋɑhtuɑ/
läsivä,/ˈlæsiʋæ/
kokkaleuka,/ˈkokːɑˌleu̯kɑ/
metsäitse,/ˈmet͡sæi̯t͡se/
miltäläin,/ˈmiltælæi̯ne/
metsähepoin,/ˈmet͡sæˌhepoi̯ne/
karskia,/ˈkɑrskiɑ/
antaa,/ˈɑntɑː/
röömiä,/ˈrøːmiæ/
packa,/ˈpɑt͡ʃkɑ/
vesirotta,/ˈʋesiˌrotːɑ/
jyvä,/ˈjyʋæ/
alu-,/ˈɑlu-/
jeesus,/ˈjeːsus/
ikkää,/ˈikæː/
haljas,/ˈhɑljɑs/
seestaraispehko,/ˈseːstɑrɑi̯sˌpehko/
seestaramarja,/ˈseːstɑrɑˌmɑrjɑ/
pykälä,/ˈpykælæ/
kärri,/ˈkærːi/
vennua,/ˈʋenuɑ/
savviin,/ˈsɑʋiːn/
kirkkovers,/ˈkirkːoˌʋers/
airo,/ˈɑi̯ro/
nukahtaa,/ˈnukɑhtɑː/
rangaissos,/ˈrɑŋɡɑi̯sːos/
emäavanto,/ˈemæˌɑʋɑnto/
kakshaarain,/ˈkɑksˌhɑːrɑi̯ne/
prullikas,/ˈprulːikɑs/
kamenšikka,/ˈkɑmenʃikːɑ/
amerikan yhissetyt štaatat,/ˈɑmerikɑn ˈyhisːetyt ˈʃtɑːtɑt/
oksakas,/ˈoksɑkɑs/
noppia,/ˈnopːiɑ/
india,/ˈindiɑ/
ilveskissa,/ˈilʋesˌkisːɑ/
humine,/ˈhumine/
puhaltaa,/ˈpuhɑltɑː/
siipi,/ˈsiːpi/
rahakukkoro,/ˈrɑhɑˌkukːoro/
pilluri,/ˈpilːuri/
prullissella,/ˈprulːisːelːɑ/
roska,/ˈroskɑ/
jurmast,/ˈjurmɑstɑ/
parennos,/ˈpɑrenːos/
ylemmäs,/ˈylemːæs/
päälinna,/ˈpæːˌlinːɑ/
sejalka,/ˈsejɑlkɑ/
tähti,/ˈtæhti/
ohvotta,/ˈohʋotːɑ/
veettää,/ˈʋeːtːæː/
hialliin,/ˈhiɑlːine/
synnikäs,/ˈsynːikæs/
käsi,/ˈkæsi/
aazbukki,/ˈɑːzbukːi/
hätä,/ˈhætæ/
oppivintovka,/ˈopːiˌʋintofkɑ/
leikkoa,/ˈlei̯kːoɑ/
purria,/ˈpuriɑ/
neljäveeruin,/ˈneljæˌʋeːrui̯ne/
päähkänikko,/ˈpæːhkænikːo/
esse,/ˈesːe/
kissa,/ˈkisːɑ/
polavikko,/ˈpolɑʋikːo/
hiutale,/ˈhiu̯tɑle/
siivilähohla,/ˈsiːʋilæˌhohlɑ/
pilkata,/ˈpilkɑtɑ/
ounapuu,/ˈou̯nɑˌpuː/
metsäkylä,/ˈmet͡sæˌkylæ/
kiiree,/ˈkiːreː/
hah,/ˈhɑh/
valita,/ˈʋɑlitɑ/
kutu,/ˈkutu/
rästäs,/ˈræstæs/
aamu,/ˈɑːmu/
verikammari,/ˈʋeriˌkɑmːɑri/
poolosti,/ˈpoːlosti/
läns,/ˈlænsi/
puuvillain,/ˈpuːˌʋilːɑi̯ne/
talvitee,/ˈtɑlʋiˌteː/
päälypooli,/ˈpæːlyˌpoːli/
ihmelliin,/ˈihmelːine/
raina,/ˈrɑi̯nɑ/
epäjumala,/ˈepæˌjumɑlɑ/
paro,/ˈpɑro/
taehanko,/ˈtɑeˌhɑŋko/
kaheksantoist,/ˈkɑheksɑntoi̯stɑ/
pajusoittu,/ˈpɑjuˌsoi̯tːu/
mukkaa,/ˈmukɑː/
oikianurkkain,/ˈoi̯kiɑˌnurkːɑi̯ne/
etespäin,/ˈetesˌpæi̯/
tarkkahua,/ˈtɑrkːɑhuɑ/
soolata,/ˈsoːlɑtɑ/
saapas,/ˈsɑːpɑs/
laatihua,/ˈlɑːtihuɑ/
päälys,/ˈpæːlys/
vahventaa,/ˈʋɑhʋentɑː/
äkykäs,/ˈækykæs/
pehmitösmerkki,/ˈpehmitøsˌmerkːi/
slaaboi,/ˈslɑːboi̯/
oppitunni,/ˈopːiˌtunːi/
ackat,/ˈɑt͡ʃkɑt/
vesivilli,/ˈʋesiˌʋilːi/
takkiain,/ˈtɑkiɑi̯ne/
ujumalasti,/ˈujumɑˌlɑsti/
taitella,/ˈtɑi̯telːɑ/
vaijaa,/ˈʋɑjɑː/
kartano,/ˈkɑrtɑno/
raenta,/ˈrɑentɑ/
ölissä,/ˈølisːæ/
henki,/ˈheŋki/
žaalivoittaa,/ˈʒɑːliʋoi̯tːɑː/
pooliin,/ˈpoːline/
retu,/ˈretu/
mela,/ˈmelɑ/
karjalain,/ˈkɑrjɑlɑi̯ne/
pakkain,/ˈpɑkːɑi̯ne/
pyytää anteeks,/ˈpyːtæː ˈɑnteːkse/
venuttaa,/ˈʋenutːɑː/
paksusooli,/ˈpɑksuˌsoːli/
katja,/ˈkɑtʲɑ/
speili,/ˈspei̯li/
kakko,/ˈkɑkːo/
kaakattamiin,/ˈkɑːkɑtːɑmine/
pengerpyytö,/ˈpeŋɡerˌpyːtːø/
geografiatunni,/ˈɡeoˌɡrɑfiɑˌtunːi/
rauhain,/ˈrɑu̯hɑi̯ne/
kalasuppi,/ˈkɑlɑˌsupːi/
häryt,/ˈhæryt/
tupakärpäin,/ˈtupɑˌkærpæi̯ne/
näälä,/ˈnæːlæ/
muta,/ˈmutɑ/
mäkkylä,/ˈmækːylæ/
oktjabrenka,/ˈoktʲɑbreŋkɑ/
klina,/ˈklinɑ/
valkiaa,/ˈʋɑlkiɑsːe/
mookka,/ˈmoːkːɑ/
uniin,/ˈunine/
peppo,/ˈpepːo/
glava,/ˈɡlɑʋɑ/
kylvää,/ˈkylʋæː/
kylmänväry,/ˈkylmænˌʋæry/
viikolliin,/ˈʋiːkolːine/
sitetä,/ˈsitetæ/
ryyti,/ˈryːti/
peltopytty,/ˈpeltoˌpytːy/
kyyry,/ˈkyːry/
liivakko,/ˈliːʋɑkːo/
erittee,/ˈeritːeː/
satuloija,/ˈsɑtuloi̯jɑ/
houkassella,/ˈhou̯kɑsˌselːɑ/
pelehellä,/ˈpelehelːæ/
äkkinäin,/ˈækːinæi̯ne/
euksi,/ˈeu̯ksi/
bombittaa,/ˈbombitːɑː/
kerrääläin,/ˈkeræːlæi̯ne/
maaria,/ˈmɑːriɑ/
iltain,/ˈiltɑi̯ne/
sivuosa,/ˈsiʋuˌosɑ/
lablahaili,/ˈlɑblɑˌhɑi̯li/
varamuna,/ˈʋɑrɑˌmunɑ/
seemeckaseemen,/ˈseːmet͡ʃkɑˌseːmen/
eksessiva,/ˈeksesːiʋɑ/
varistua,/ˈʋɑristuɑ/
plekki,/ˈplekːi/
jänistää,/ˈjænistæː/
mehiläispatsas,/ˈmehilæi̯sˌpɑt͡sɑs/
viistikolkka,/ˈʋiːstiˌkolkːɑ/
jaloitella,/ˈjɑloi̯telːɑ/
viijespäivä,/ˈʋiːjesˌpæi̯ʋæ/
sikuri,/ˈsikuri/
reunaväki,/ˈreu̯nɑˌʋæki/
sittakukka,/ˈsitːɑˌkukːɑ/
mäkikarjamaa,/ˈmækiˌkɑrjɑˌmɑː/
kehata,/ˈkehɑtɑ/
kyntää,/ˈkyntæː/
slaavia,/ˈslɑːʋiɑ/
miina,/ˈmiːnɑ/
soomukas,/ˈsoːmukɑs/
myrkky,/ˈmyrkːy/
nepsiä,/ˈnepsiæ/
bläättiä,/ˈblæːtːiæ/
äänekäs,/ˈæːnekæs/
kivimäki,/ˈkiʋiˌmæki/
takkoa,/ˈtɑkoɑ/
kurvirokka,/ˈkurʋiˌrokːɑ/
pyrkiä,/ˈpyrkiæ/
onkikokka,/ˈoŋkiˌkokːɑ/
yliniitty,/ˈyliˌniːtːy/
kervestöö,/ˈkerʋesˌtøː/
hoppialappa,/ˈhopiɑˌlɑpːɑ/
veto,/ˈʋeto/
kultuuri,/ˈkultuːri/
runo,/ˈruno/
vastikkää,/ˈʋɑstˌikæː/
aisarauta,/ˈɑi̯sɑˌrɑu̯tɑ/
pijo,/ˈpijo/
aliripsut,/ˈɑliˌripsut/
siivast,/ˈsiːʋɑstɑ/
heristää,/ˈheristæː/
krahmali,/ˈkrɑhmɑli/
kapale,/ˈkɑpɑle/
mussanmaa,/ˈmusːɑnˌmɑː/
roohtia,/ˈroːhtiɑ/
kivimylly,/ˈkiʋiˌmylːy/
vernoi,/ˈʋernoi̯/
kokkasaari,/ˈkokːɑˌsɑːri/
valehella,/ˈʋɑlehelːɑ/
rajata,/ˈrɑjɑtɑ/
alain,/ˈɑlɑi̯ne/
nas,/ˈnɑsːɑ/
pulkka,/ˈpulkːɑ/
kamara,/ˈkɑmɑrɑ/
sysi,/ˈsysi/
puteli,/ˈputeli/
tsirkkuli,/ˈt͡sirkːuli/
meduza,/ˈmeduzɑ/
painaa meelee,/ˈpɑi̯nɑː ˈmeːleː/
kosjoa,/ˈkosjoɑ/
jevree,/ˈjeʋreː/
stepana,/ˈstepɑnɑ/
tyltsä,/ˈtylt͡sæ/
jooksu,/ˈjoːksu/
noottavene,/ˈnoːtːɑˌʋene/
mullattaa,/ˈmulːɑtːɑː/
masti,/ˈmɑsti/
klinakas,/ˈklinɑkɑs/
metsälliin,/ˈmet͡sælːine/
zontikka,/ˈzontikːɑ/
muilanvaahto,/ˈmui̯lɑnˌʋɑːhto/
seka-,/ˈsekɑ-/
jaššikka,/ˈjɑʃːikːɑ/
pyytäjä,/ˈpyːtæjæ/
viro,/ˈʋiro/
norvegia,/ˈnorʋeɡiɑ/
liina,/ˈliːnɑ/
talli,/ˈtɑlːi/
marjasaadu,/ˈmɑrjɑˌsɑːdu/
jaloille,/ˈjɑloi̯lːe/
sittamato,/ˈsitːɑˌmɑto/
ylentää,/ˈylentæː/
ollaa,/ˈolːɑː/
oo,/ˈoː/
kovin,/ˈkoʋin/
välist,/ˈʋælistæ/
ilta,/ˈiltɑ/
haapametsä,/ˈhɑːpɑˌmet͡sæ/
miust,/ˈmiu̯stɑ/
kvadrattimetra,/ˈkʋɑdrɑtːiˌmetrɑ/
käyvvä,/ˈkæʋːæ/
ahas,/ˈɑhɑs/
vaaher,/ˈʋɑːher/
saaduakatsia,/ˈsɑːduˌɑkɑt͡siɑ/
siintää,/ˈsiːntæː/
musta seestaramarja,/ˈmustɑ ˈseːstɑrɑˌmɑrjɑ/
bankivakukko,/ˈbɑŋkiʋɑˌkukːo/
pätärä,/ˈpætæræ/
saavva,/ˈsɑʋːɑ/
muukkia,/ˈmuːkːiɑ/
kotikana,/ˈkotiˌkɑnɑ/
praavihua,/ˈprɑːʋihuɑ/
leppyä,/ˈlepːyæ/
soolaleipä,/ˈsoːlɑˌlei̯pæ/
palko,/ˈpɑlko/
noottaapaja,/ˈnoːtːɑˌɑpɑjɑ/
oro,/ˈoro/
kiittää,/ˈkiːtːæː/
ripa,/ˈripɑ/
ensimäiseks,/ˈensimæi̯sekse/
tutkia,/ˈtutkiɑ/
viherä,/ˈʋiheræ/
kirppu,/ˈkirpːu/
välis,/ˈʋælisːæ/
vokala,/ˈʋokɑlɑ/
arpi,/ˈɑrpi/
jefima,/ˈjefimɑ/
emäkasvo,/ˈemæˌkɑsʋo/
naittaa,/ˈnɑi̯tːɑː/
kuumentaa,/ˈkuːmentɑː/
hiirakka,/ˈhiːrɑkːɑ/
sikiäissööjä,/ˈsikijæi̯sˌsøːjæ/
kuupäivä,/ˈkuːˌpæi̯ʋæ/
hämmentyä,/ˈhæmːentyæ/
emikko,/ˈemikːo/
voimatoin,/ˈʋoi̯mɑtoi̯n/
uutiin,/ˈuːtine/
ääni,/ˈæːni/
vanhatyttö,/ˈʋɑnɑˌtytːø/
ristiprosekka,/ˈristiˌprosekːɑ/
paraikoi,/pɑˈrɑi̯koi̯/
tuki,/ˈtuki/
peittiissä,/ˈpei̯tːiːsːæ/
karavooda,/ˈkɑrɑʋoːdɑ/
jo,/ˈjo/
hooranlaps,/ˈhoːrɑnˌlɑps/
osamees,/ˈosɑˌmeːs/
möry,/ˈmøry/
kletkatetretti,/ˈkletkɑˌtetretːi/
šommeltua,/ˈʃomːeltuɑ/
asettua,/ˈɑsetːuɑ/
paskain,/ˈpɑskɑi̯ne/
keertyä,/ˈkeːrtyæ/
sil viisii,/ˈsilːæ ˈʋiːsiː/
fugantka,/ˈfuɡɑntkɑ/
pyhäkala,/ˈpyhæˌkɑlɑ/
poltikkain,/ˈpoltikːɑi̯ne/
selkäpii,/ˈselkæˌpiː/
sinis,/ˈsinis/
jäätää,/ˈjæːtæː/
kaikkinee,/ˈkɑi̯kːineː/
tuhat,/ˈtuhɑt/
lounattuuli,/ˈlou̯nɑtˌtuːli/
maitokukka,/ˈmɑi̯toˌkukːɑ/
enemmän,/ˈenemːæn/
ajama,/ˈɑjɑmɑ/
mööhästyä,/ˈmøːhæstyæ/
saarniin,/ˈsɑːrnine/
osmuška,/ˈosmuʃkɑ/
veättää,/ˈʋeætːæː/
viljarunni,/ˈʋiljɑˌrunːi/
haletella,/ˈhɑletelːɑ/
raju,/ˈrɑju/
pettyä,/ˈpetːyæ/
etes,/ˈetes/
petkele,/ˈpetkele/
hoolia,/ˈhoːliɑ/
vanhentua,/ˈʋɑnentuɑ/
hävetä,/ˈhæʋetæ/
dai,/ˈdɑ.i/
varla,/ˈʋɑrlɑ/
rintapoolosti,/ˈrintɑˌpoːlosti/
tontti,/ˈtontːi/
vahtihoone,/ˈʋɑhtiˌhoːne/
iiliä,/ˈiːliæ/
syänriissat,/ˈsyænˌriːsːɑt/
siili,/ˈsiːli/
päähkenikko,/ˈpæːhkenikːo/
positsia,/ˈposiˌt͡siɑ/
semmoin,/ˈsemːoi̯ne/
kepka,/ˈkepkɑ/
maakoma,/ˈmɑːˌkomɑ/
looto,/ˈloːto/
nagrattaa,/ˈnɑɡrɑtːɑː/
kannattaa,/ˈkɑnːɑtːɑː/
karsta,/ˈkɑrstɑ/
raputtaa,/ˈrɑputːɑː/
stiha,/ˈstihɑ/
leipälapja,/ˈlei̯pæˌlɑpjɑ/
sattaa,/ˈsɑtɑː/
kyynärä,/ˈkyːnæræ/
soo,/ˈsoː/
ussia,/ˈusijɑ/
seemenkakku,/ˈseːmenˌkɑkːu/
koorre,/ˈkoːrːe/
kohvi,/ˈkohʋi/
kuristua,/ˈkuristuɑ/
niiniin,/ˈniːniːn/
nikahtua,/ˈnikɑhtuɑ/
pittuus,/ˈpituːs/
pyytö,/ˈpyːtø/
apinikka,/ˈɑpinikːɑ/
popottaa,/ˈpopotːɑː/
olla obidnaal,/ˈolːɑ ˈobidnɑlːɑ/
loru,/ˈloru/
yhistää,/ˈyhistæː/
talvikylmä,/ˈtɑlʋiˌkylmæ/
muuttua,/ˈmuːtːuɑ/
kirnumaito,/ˈkirnuˌmɑi̯to/
anglia,/ˈɑŋɡliɑ/
konsonantta,/ˈkonsoˌnɑntːɑ/
lentävälaps,/ˈlentæʋæˌlɑps/
jyri,/ˈjyri/
kurviverkko,/ˈkurʋiˌʋerkːo/
haikutos,/ˈhɑi̯kutos/
haapa,/ˈhɑːpɑ/
kallis,/ˈkɑlːis/
boltaittaa,/ˈboltɑi̯tːɑː/
pahhuus,/ˈpɑhuːs/
reknata,/ˈreknɑtɑ/
oppimees,/ˈopːiˌmeːs/
rihmakaarto,/ˈrihmɑˌkɑːrto/
gornicnoi,/ˈɡornit͡ʃnoi̯/
ettää,/ˈetæː/
koputtaa,/ˈkoputːɑː/
neitsykkäin,/ˈnei̯t͡sykːæi̯ne/
murkinoi,/ˈmurkinoi̯/
beluga,/ˈbeluɡɑ/
sittasorkka,/ˈsitːɑˌsorkːɑ/
kummitus,/ˈkumːitus/
tasa,/ˈtɑsɑ/
ätälikkö,/ˈætælikːø/
maa,/ˈmɑː/
pilahuttaa,/ˈpilɑhutːɑː/
ampua,/ˈɑmpuɑ/
kaari,/ˈkɑːri/
kaptittaa,/ˈkɑptitːɑː/
rookoheinikko,/ˈroːkoˌhei̯nikːo/
pihkava,/ˈpihkɑʋɑ/
salapaikka,/ˈsɑlɑˌpɑi̯kːɑ/
kiviraunio,/ˈkiʋiˌrɑu̯nio/
haaveri,/ˈhɑːʋeri/
eläjä,/ˈelæjæ/
tapain,/ˈtɑpɑi̯ne/
televizora,/ˈteleʋizorɑ/
naksutella,/ˈnɑksutelːɑ/
mekko,/ˈmekːo/
kresla,/ˈkreslɑ/
kohentaa,/ˈkohentɑː/
löytää,/ˈløy̯tæː/
kluuba,/ˈkluːbɑ/
täys,/ˈtæy̯s/
päin,/ˈpæi̯n/
loukkulain,/ˈlou̯kːulɑi̯ne/
viijes,/ˈʋiːjes/
hoomeen,/ˈhoːmeːn/
pura,/ˈpurɑ/
osto,/ˈosto/
räyssäs,/ˈræy̯sːæs/
ala-,/ˈɑlɑ-/
havaita,/ˈhɑʋɑi̯tɑ/
nootti,/ˈnoːtːi/
arpuli,/ˈɑrpuli/
mišuroittaa,/ˈmiʃuroi̯tːɑː/
pessä,/ˈpesːæ/
humuri,/ˈhumuri/
päivätöö,/ˈpæi̯ʋæˌtøː/
imikkoporsas,/ˈimikːoˌporsɑs/
saarenoma,/ˈsɑːrenˌomɑ/
nimetöin,/ˈnimetøi̯n/
verka,/ˈʋerkɑ/
kummartaa,/ˈkumːɑrtɑː/
siika,/ˈsiːkɑ/
"kenen voima, senen voitto","/ˈkenen ˈʋoi̯mɑ, ˈsenen ˈʋoi̯tːo/"
metla,/ˈmetlɑ/
huimata,/ˈhui̯mɑtɑ/
kylellää,/ˈkylelːæː/
ilves,/ˈilʋes/
merennukka,/ˈmerenˌnukːɑ/
piirakoist,/ˈpiːrɑkoi̯stɑ/
sekkaa,/ˈsekɑː/
imettää,/ˈimetːæː/
jauhouhlu,/ˈjɑu̯hoˌuhlu/
hyppiä,/ˈhypːiæ/
issakka,/ˈisːɑkːɑ/
leekku,/ˈleːkːu/
rantanootta,/ˈrɑntɑˌnoːtːɑ/
puumalja,/ˈpuːˌmɑljɑ/
stooli,/ˈstoːli/
preetiä,/ˈpreːtiæ/
kolkka,/ˈkolkːɑ/
meil,/ˈmei̯lːæ/
hius,/ˈhiu̯s/
keertiissä,/ˈkeːrtiːsːæ/
lusikka,/ˈlusikːɑ/
mätänäpykkä,/ˈmætæˌnæpykːæ/
hospodi,/ˈhospodi/
äijäpyhä,/ˈæi̯jæˌpyhæ/
öönikka,/ˈøːnikːɑ/
kotipuu,/ˈkotiˌpuː/
opecatka,/ˈopet͡ʃɑtkɑ/
poola,/ˈpoːlɑ/
venät,/ˈʋenæt/
peukola,/ˈpeu̯kolɑ/
lehmävasikka,/ˈlehmæˌʋɑsikːɑ/
talonpoika,/ˈtɑlonˌpoi̯kɑ/
mikä … merkitsöö?,/ˈmikæ … ˈmerkit͡søː/
rytkä,/ˈrytkæ/
barometra,/ˈbɑrometrɑ/
omena,/ˈomenɑ/
erilaajain,/ˈeriˌlɑːjɑi̯ne/
palvoa,/ˈpɑlʋoɑ/
tsentraljnoi,/ˈt͡sen.trɑlʲnoi̯/
leppäsikko,/ˈlepːæsikːo/
sanasuurima,/ˈsɑnɑˌsuːrimɑ/
höyry,/ˈhøy̯ry/
vesihöyry,/ˈʋesiˌhøy̯ry/
patakunigas,/ˈpɑtɑˌkuniɡɑs/
tervata,/ˈterʋɑtɑ/
hiessöittää,/ˈhiesːøi̯tːæː/
kutsua,/ˈkut͡suɑ/
puhas,/ˈpuhɑs/
osoittaa,/ˈosoi̯tːɑː/
paissahtaa,/ˈpɑi̯sːɑhtɑː/
puuhanko,/ˈpuːˌhɑŋko/
virolain,/ˈʋirolɑi̯ne/
loba,/ˈlobɑ/
meitä,/ˈmei̯tæ/
kirjutella,/ˈkirjutelːɑ/
matara,/ˈmɑtɑrɑ/
hepokala,/ˈhepoˌkɑlɑ/
metsä,/ˈmet͡sæ/
kattaja,/ˈkɑtːɑjɑ/
rooza,/ˈroːzɑ/
pertsu,/ˈpert͡su/
bömböräin,/ˈbømbøræi̯ne/
savislantsa,/ˈsɑʋiˌslɑnt͡sɑ/
sääskö,/ˈsæːskø/
braakkaa,/ˈbrɑːkːɑː/
viljapelto,/ˈʋiljɑˌpelto/
laazari,/ˈlɑːzɑri/
mont,/ˈmont/
heinämylly,/ˈhei̯næˌmylːy/
energia,/ˈenerɡiɑ/
meriportta,/ˈmeriˌportːɑ/
sviristeli,/ˈsʋiristeli/
vitsamerta,/ˈʋit͡sɑˌmertɑ/
kännö,/ˈkænːø/
leipää soolaa,/ˈlei̯pæː ˈsoːlɑː/
elativa,/ˈelɑtiʋɑ/
hukata,/ˈhukɑtɑ/
ikkunaal,/ˈikːunɑlːɑ/
virittyä,/ˈʋiritːyæ/
mašti,/ˈmɑʃti/
saksa,/ˈsɑksɑ/
lepakko,/ˈlepɑkːo/
hoi,/ˈhoi̯/
koiranmarjapuu,/ˈkoi̯rɑnˌmɑrjɑˌpuː/
aitta,/ˈɑi̯tːɑ/
rahe,/ˈrɑhe/
sylki,/ˈsylki/
venuttaissa,/ˈʋenutːɑi̯sːɑ/
etimäin,/ˈetimæi̯ne/
poveska,/ˈpoʋeskɑ/
rakkaus,/ˈrɑkːɑ.us/
päävitsa,/ˈpæːˌʋit͡sɑ/
hetsua,/ˈhet͡suɑ/
varjo,/ˈʋɑrjo/
takaks,/ˈtɑkɑkse/
laurinlehti,/ˈlɑu̯rinˌlehti/
loukkula,/ˈlou̯kːulɑ/
villipulli,/ˈʋilːiˌpulːi/
slaabosti,/ˈslɑːbosti/
perekatipole,/ˈperekɑtipole/
polnoi,/ˈpolnoi̯/
hyvätapain,/ˈhyʋæˌtɑpɑi̯ne/
pääkäs,/ˈpæːkæs/
meel,/ˈme.elːæ/
pesuvesi,/ˈpesuˌʋesi/
seast,/ˈseɑstɑ/
manaella,/ˈmɑnɑ.elːɑ/
makjas,/ˈmɑkjɑs/
föödermaa,/ˈføːderˌmɑː/
kavvaa,/ˈkɑʋːɑː/
istumisnerva,/ˈistumisˌnerʋɑ/
hävätä,/ˈhæʋætæ/
kivikippu,/ˈkiʋiˌkipːu/
koorimaito,/ˈkoːriˌmɑi̯to/
rakennossaraffana,/ˈrɑkenːosˌsɑrɑfːɑnɑ/
reki,/ˈreki/
aluspoduška,/ˈɑlusˌpoduʃkɑ/
munapesä,/ˈmunɑˌpesæ/
vahvita,/ˈʋɑhʋitɑ/
tahko,/ˈtɑhko/
uslovia,/ˈusloʋiɑ/
aluotsa,/ˈɑluˌot͡sɑ/
al,/ˈɑlːɑ/
ratsuin,/ˈrɑt͡sui̯ne/
vaijuus,/ˈʋɑjuːs/
uuvvistaa,/ˈuːʋːistɑː/
ahterispeili,/ˈɑhteriˌspei̯li/
hapanrokka,/ˈhɑpɑnˌrokːɑ/
takkaa,/ˈtɑkɑː/
päitset,/ˈpæi̯t͡set/
gorbain,/ˈɡorbɑi̯ne/
kattila,/ˈkɑtːilɑ/
sisuskorva,/ˈsisusˌkorʋɑ/
tolkku,/ˈtolkːu/
laho,/ˈlɑho/
aina,/ˈɑi̯nɑ/
kekele,/ˈkekele/
mahtua,/ˈmɑhtuɑ/
leppälintu,/ˈlepːælintu/
japoni,/ˈjɑponi/
rautavitsa,/ˈrɑu̯tɑˌʋit͡sɑ/
ahteritammes,/ˈɑhteriˌtɑmːes/
epäellä,/ˈepæelːæ/
helissä,/ˈhelisːæ/
cakatella,/ˈt͡ʃɑkɑtelːɑ/
möö,/ˈmøː/
geografiakartta,/ˈɡeoˌɡrɑfiɑˌkɑrtːɑ/
kärkkälintu,/ˈkærkːæˌlintu/
koti,/ˈkoti/
taksi,/ˈtɑksi/
päähkänä,/ˈpæːhkænæ/
kanto,/ˈkɑnto/
koblata,/ˈkoblɑtɑ/
pertsuviina,/ˈpert͡suˌʋiːnɑ/
kleima,/ˈklei̯mɑ/
sokiain,/ˈsokijɑi̯ne/
talloa,/ˈtɑlːoɑ/
tamožnoi,/ˈtɑmoʒnoi̯/
maissella,/ˈmɑi̯sːelːɑ/
pötkä,/ˈpøtkæ/
velvyt,/ˈʋelʋyt/
tela,/ˈtelɑ/
lumiukko,/ˈlumiˌukːo/
volosti,/ˈʋolosti/
priha,/ˈprihɑ/
leivykkäin,/ˈlei̯ʋykːæi̯ne/
oraspelto,/ˈorɑsˌpelto/
kunis,/ˈkunis/
tynki,/ˈtyŋki/
pyhäväli,/ˈpyhæˌʋæli/
rikki,/ˈrikːi/
muskuli,/ˈmuskuli/
valkia,/ˈʋɑlkiɑ/
keittää,/ˈkei̯tːæː/
höyrymašina,/ˈhøy̯ryˌmɑʃinɑ/
alttari,/ˈɑltːɑri/
katolle,/ˈkɑtolːe/
lantsi,/ˈlɑnt͡si/
vilja,/ˈʋiljɑ/
emäntä,/ˈemæntæ/
reis,/ˈrei̯s/
noorittaa,/ˈnoːritːɑː/
poikki,/ˈpoi̯kːi/
kuumeta,/ˈkuːmetɑ/
ockat,/ˈot͡ʃkɑt/
rauha,/ˈrɑu̯hɑ/
ien,/ˈien/
sova,/ˈsoʋɑ/
tehä,/ˈtehæ/
tuhma,/ˈtuhmɑ/
pikkarain,/ˈpikːɑrɑi̯ne/
vaapukka,/ˈʋɑːpukːɑ/
samoi,/ˈsɑmoi̯/
pijolliin,/ˈpijolːine/
rantatiltti,/ˈrɑntɑˌtiltːi/
sovetskoi,/ˈsoʋet͡skoi̯/
programma,/ˈproɡrɑmːɑ/
söömäkerus,/ˈsøːmæˌkerus/
ohukkain,/ˈohukːɑi̯ne/
vennäin,/ˈʋenːæi̯ne/
varistaa,/ˈʋɑristɑː/
vai,/ˈʋɑi̯/
kuuskolmatta,/ˈkuːsˌkolmɑtːɑ/
daaca,/ˈdɑːt͡ʃɑ/
loovve,/ˈloːʋːe/
pallo,/ˈpɑlːo/
jälelt,/ˈjæleltæ/
kuha,/ˈkuhɑ/
seilata,/ˈsei̯lɑtɑ/
rautatee,/ˈrɑu̯tɑˌteː/
napsu,/ˈnɑpsu/
otstavnoi,/ˈot͡stɑʋnoi̯/
kynttelä,/ˈkyntːelæ/
särki,/ˈsærki/
laari,/ˈlɑːri/
vahata,/ˈʋɑhɑtɑ/
sebro,/ˈsebro/
kronni,/ˈkronːi/
heinäkeko,/ˈhei̯næˌkeko/
dvortsa,/ˈdʋort͡sɑ/
cinovnikka,/ˈt͡ʃinoʋnikːɑ/
diikkoi,/ˈdiːkːoi̯/
portta,/ˈportːɑ/
mehtää,/ˈmehtæː/
sananverto,/ˈsɑnɑnˌʋerto/
kuja,/ˈkujɑ/
vaihella,/ˈʋɑi̯helːɑ/
häkki,/ˈhækːi/
pitetä,/ˈpitetæ/
šulkku,/ˈʃulkːu/
mitata,/ˈmitɑtɑ/
joki,/ˈjoki/
kuusi,/ˈkuːsi/
orang-utan,/ˈorɑŋɡutɑn/
trenki,/ˈtreŋki/
purje,/ˈpurje/
kalakajava,/ˈkɑlɑˌkɑjɑʋɑ/
ušnikat,/ˈuʃnikɑt/
pursutella,/ˈpursutelːɑ/
maavehnä,/ˈmɑːˌʋehnæ/
rautapoltikkain,/ˈrɑu̯tɑˌpoltikːɑi̯ne/
viistina,/ˈʋiːstinɑ/
himokas,/ˈhimokɑs/
soora,/ˈsoːrɑ/
karva,/ˈkɑrʋɑ/
naksuttaja,/ˈnɑksutːɑjɑ/
laulo,/ˈlɑu̯lo/
lohko,/ˈlohko/
tuuvi,/ˈtuːʋi/
valeta,/ˈʋɑletɑ/
koskia,/ˈkoskiɑ/
pooti,/ˈpoːti/
naisikko,/ˈnɑi̯sikːo/
susi,/ˈsusi/
podarittaa,/ˈpodɑritːɑː/
riissupelto,/ˈriːsːuˌpelto/
näyttää esimerkkiä,/ˈnæy̯tːæː ˈesiˌmerkːiæ/
ujo,/ˈujo/
proomьslapyytö,/ˈproːmɨslɑˌpyːtø/
partitiva,/ˈpɑrtitiʋɑ/
ennettää,/ˈenːetːæː/
tatti,/ˈtɑtːi/
tappelo,/ˈtɑpːelo/
ruutsia,/ˈruːt͡siɑ/
metsännurkka,/ˈmet͡sænˌnurkːɑ/
alimaarit,/ˈɑliˌmɑːrit/
odrikko,/ˈodrikːo/
moittia,/ˈmoi̯tːiɑ/
mikkää,/ˈmikæː/
naksahtaa,/ˈnɑksɑhtɑː/
repola,/ˈrepolɑ/
langeta,/ˈlɑŋɡetɑ/
vatruška,/ˈʋɑtruʃkɑ/
näkyvä,/ˈnækyʋæ/
namintka,/ˈnɑmintkɑ/
liki,/ˈliki/
ofitseri,/ˈofit͡seri/
asunikka,/ˈɑsunikːɑ/
ylentäjä,/ˈylentæjæ/
obezjana,/ˈobezjɑnɑ/
yhissetty,/ˈyhisːetːy/
ležžiä,/ˈleʒiæ/
mut,/ˈmut/
parikka,/ˈpɑrikːɑ/
kantosammal,/ˈkɑntoˌsɑmːɑl/
fonettiin,/ˈfonetːine/
piki,/ˈpiki/
tempoa,/ˈtempoɑ/
levviä,/ˈleʋiæ/
savasti,/ˈsɑʋɑsti/
raami,/ˈrɑːmi/
elättäjä,/ˈelætːæjæ/
luku,/ˈluku/
laukka,/ˈlɑu̯kːɑ/
merirooko,/ˈmeriˌroːko/
saunahaltias,/ˈsɑu̯nɑˌhɑltiɑs/
bähättää,/ˈbæhætːæː/
ammillaa,/ˈɑmːilːɑː/
ikkunalus,/ˈikːunˌɑlus/
hantara,/ˈhɑntɑrɑ/
kvadrattisantimetra,/ˈkʋɑdrɑtːiˌsɑntiˌmetrɑ/
looja,/ˈloːjɑ/
alto,/ˈɑlto/
etähälle,/ˈetæːlːe/
lounain,/ˈlou̯nɑi̯ne/
broška,/ˈbroʃkɑ/
jalkaja,/ˈjɑlkɑjɑ/
krontsi,/ˈkront͡si/
mikroba,/ˈmikrobɑ/
kersi,/ˈkersi/
pataluhka,/ˈpɑtɑˌluhkɑ/
sokahua,/ˈsokɑhuɑ/
konduktora,/ˈkonduktorɑ/
leipäveitsi,/ˈlei̯pæˌʋei̯t͡si/
praavihussa,/ˈprɑːʋiˌhusːɑ/
uutta,/ˈuːtːɑ/
ruisrummen,/ˈru.isˌrumːen/
rihmanpätkä,/ˈrihmɑnˌpætkæ/
sooni,/ˈsoːni/
itätuuli,/ˈitæˌtuːli/
armastaa,/ˈɑrmɑstɑː/
ahkera,/ˈɑhkerɑ/
tantsia,/ˈtɑnt͡siɑ/
kaaliain,/ˈkɑːlijɑi̯ne/
urokka,/ˈurokːɑ/
vingertää,/ˈʋiŋɡertæː/
vaiva,/ˈʋɑi̯ʋɑ/
öökaus,/ˈøːˌkɑu̯s/
joovva,/ˈjoːʋːɑ/
peeru,/ˈpeːru/
kaksnaaglain,/ˈkɑksˌnɑːɡlɑi̯ne/
päähkänäpuu,/ˈpæːhkænæˌpuː/
rappa,/ˈrɑpːɑ/
popo,/ˈpopo/
portteri,/ˈportːeri/
ylänkö,/ˈylæŋkø/
pölästyä,/ˈpølæstyæ/
pool,/ˈpoːli/
rohoin,/ˈrohoi̯ne/
kalitka,/ˈkɑlitkɑ/
koositoin,/ˈkoːsitoi̯n/
rapata,/ˈrɑpɑtɑ/
monilaajain,/ˈmoniˌlɑːjɑi̯ne/
bohatteri,/ˈbohɑtːeri/
surma,/ˈsurmɑ/
happo,/ˈhɑpːo/
spicka,/ˈspit͡ʃkɑ/
vapa,/ˈʋɑpɑ/
haikotus,/ˈhɑi̯kotus/
koristus,/ˈkoristus/
ruiskukka,/ˈru.isˌkukːɑ/
kassikkain,/ˈkɑsːikːɑi̯ne/
heinäaika,/ˈhei̯næˌɑi̯kɑ/
ylihoomeen,/ˈyliˌhoːmeːn/
turve,/ˈturʋe/
ablativa,/ˈɑblɑtiʋɑ/
maarianpyhä,/ˈmɑːriɑnˌpyhæ/
pääaivo,/ˈpæːˌɑi̯ʋo/
armas,/ˈɑrmɑs/
niku,/ˈniku/
soomi,/ˈsoːmi/
nappi,/ˈnɑpːi/
frolkka,/ˈfrolkːɑ/
viljellä,/ˈʋiljelːæ/
päivettyä,/ˈpæi̯ʋetːyæ/
pruukkia,/ˈpruːkːiɑ/
parvees,/ˈpɑrʋesːɑ/
kajava,/ˈkɑjɑʋɑ/
pimeneessä,/ˈpimeˌneːsːæ/
farfori,/ˈfɑrfori/
selkäosa,/ˈselkæˌosɑ/
trubka,/ˈtrubkɑ/
voovvelt,/ˈʋoːʋːeltɑ/
takkaan,/ˈtɑkɑːn/
pääsö,/ˈpæːsø/
kuve,/ˈkuʋe/
jevangeli,/ˈjeʋɑŋɡeli/
voiliitti,/ˈʋoi̯ˌliːtːi/
tähentää,/ˈtæhentæː/
neljätoist,/ˈneljætoi̯stɑ/
slogatoin,/ˈsloɡɑtoi̯n/
keero,/ˈkeːro/
kerota,/ˈkerotɑ/
väliavanto,/ˈʋæliˌɑʋɑnto/
kututtaa,/ˈkututːɑː/
keskitagra,/ˈkeskiˌtɑɡrɑ/
veeno,/ˈʋeːno/
guberni,/ˈɡuberni/
jaksaa,/ˈjɑksɑː/
villi,/ˈʋilːi/
hiekäs,/ˈhiekæs/
yksznacnoi,/ˈyksˌznɑt͡ʃnoi̯/
unohtaa,/ˈunohtɑː/
höö,/ˈhøː/
ylläälle,/ˈylæːlːe/
täytyä,/ˈtæy̯tyæ/
areta,/ˈɑretɑ/
luta,/ˈlutɑ/
laglut,/ˈlɑɡlut/
pitkäsiipiin,/ˈpitkæˌsiːpine/
suima,/ˈsui̯mɑ/
saksanmaa,/ˈsɑksɑnˌmɑː/
valmis,/ˈʋɑlmis/
polvensilmä,/ˈpolʋenˌsilmæ/
diafragma,/ˈdiɑˌfrɑɡmɑ/
nast,/ˈnɑstɑ/
kengätä,/ˈkeŋɡætæ/
syän,/ˈsyæn/
kakskymmenäs,/ˈkɑksˌkymːenæs/
laita,/ˈlɑi̯tɑ/
langettaa,/ˈlɑŋɡetːɑː/
eväs,/ˈeʋæs/
plodikka,/ˈplodikːɑ/
imikkoleva,/ˈimikːoˌleʋɑ/
johorka,/ˈjohorkɑ/
uulitsasaraja,/ˈuːlit͡sɑˌsɑrɑjɑ/
tiitoisest,/ˈtiːtoi̯sestɑ/
itetellä,/ˈitetelːæ/
siella,/ˈsielːɑ/
nii ku,/ˈniː ˈku/
sovesti,/ˈsoʋesti/
jooksuaika,/ˈjoːksuˌɑi̯kɑ/
haapakookka,/ˈhɑːpɑˌkoːkːɑ/
mustalain,/ˈmustɑlɑi̯ne/
pikimusta,/ˈpikiˌmustɑ/
marja,/ˈmɑrjɑ/
akka,/ˈɑkːɑ/
väki,/ˈʋæki/
istuussa,/ˈistuːsːɑ/
narrata,/ˈnɑrːɑtɑ/
mehestyä,/ˈmehestyæ/
sammalhoone,/ˈsɑmːɑlˌhoːne/
sereta,/ˈseretɑ/
liikuttaa,/ˈliːkutːɑː/
vanhameeliin,/ˈʋɑnɑˌmeːline/
leikko,/ˈlei̯kːo/
aika,/ˈɑi̯kɑ/
ilman,/ˈilmɑn/
oleksandra,/ˈoleksɑndrɑ/
podrobnoi,/ˈpodrobnoi̯/
kapalo,/ˈkɑpɑlo/
kotipääskö,/ˈkotiˌpæːskø/
härytmaa,/ˈhærytˌmɑː/
näkimet,/ˈnækimet/
houkas,/ˈhou̯kɑs/
leekkua,/ˈleːkːuɑ/
leiville,/ˈlei̯ʋilːe/
jeppiskoppi,/ˈjepːiskopːi/
rajapatsas,/ˈrɑjɑˌpɑt͡sɑs/
hävitä,/ˈhæʋitæ/
ensin,/ˈensin/
kolmiriukuin,/ˈkolmiˌriu̯kui̯ne/
anne,/ˈɑnːe/
voimakkuus,/ˈʋoi̯mɑkːuːs/
määrä,/ˈmæːræ/
painumatoin,/ˈpɑi̯numɑtoi̯n/
ohotta,/ˈohotːɑ/
kovain,/ˈkoʋɑne/
maijokas,/ˈmɑi̯jokɑs/
skippari,/ˈskipːɑri/
taivaanraja,/ˈtɑi̯ʋɑːnˌrɑjɑ/
orfografia,/ˈorfo.ɡrɑfiɑ/
jalas,/ˈjɑlɑsːɑ/
kulisavva,/ˈkuliˌsɑʋːɑ/
vaate,/ˈʋɑːte/
venästyä,/ˈʋenæstyæ/
lehmälangokset,/ˈlehmæˌlɑŋɡokset/
kaksznacnoi,/ˈkɑksˌznɑt͡ʃnoi̯/
tarassu,/ˈtɑrɑsːu/
uhluin,/ˈuhlui̯n/
kultain,/ˈkultɑi̯ne/
iloistaa,/ˈiloi̯stɑː/
sinivesi,/ˈsiniˌʋesi/
mullittaa,/ˈmulːitːɑː/
pahkura,/ˈpɑhkurɑ/
istua,/ˈistuɑ/
meesrahvas,/ˈmeːsˌrɑhʋɑs/
voimakagra,/ˈʋoi̯mɑˌkɑɡrɑ/
torgumees,/ˈtorɡuˌmeːs/
aisannahka,/ˈɑi̯sɑnˌnɑhkɑ/
darja,/ˈdɑrjɑ/
nokkia,/ˈnokiɑ/
kraasata,/ˈkrɑːsɑtɑ/
seemensööjä,/ˈseːmenˌsøːjæ/
veittää,/ˈʋei̯tːæː/
cäinikkä,/ˈt͡ʃæi̯nikːæ/
verövä,/ˈʋerøʋæ/
rintalaps,/ˈrintɑˌlɑps/
lanttu,/ˈlɑntːu/
dekabri,/ˈdekɑbri/
vaha,/ˈʋɑhɑ/
pääsuka,/ˈpæːˌsukɑ/
yheksän,/ˈyheksæn/
humalluttaa,/ˈhumɑlːutːɑː/
gazetcikka,/ˈɡɑzett͡ʃikːɑ/
talviuni,/ˈtɑlʋiˌuni/
munapudro,/ˈmunɑˌpudro/
käen,/ˈkæen/
murhe,/ˈmure/
tyttärikkö,/ˈtytːærikːø/
synty,/ˈsynty/
miikkula,/ˈmiːkːulɑ/
rampihua,/ˈrɑmpihuɑ/
kesälintu,/ˈkesæˌlintu/
taika,/ˈtɑi̯kɑ/
ahos,/ˈɑhos/
maitomuru,/ˈmɑi̯toˌmuru/
raitti,/ˈrɑi̯tːi/
suka,/ˈsukɑ/
orastua,/ˈorɑstuɑ/
sarvena,/ˈsɑrʋenɑ/
ikä,/ˈikæ/
nootta,/ˈnoːtːɑ/
letti,/ˈletːi/
hätähiin,/ˈhætæhine/
poukku,/ˈpou̯kːu/
meestä,/ˈmeːstæ/
erityin,/ˈerityi̯ne/
loppu,/ˈlopːu/
saavva kiin,/ˈsɑːʋːɑ ˈkiːn/
ööpyytö,/ˈøːˌpyːtø/
pikkaraikkoin,/ˈpikːɑrɑi̯kːoi̯ne/
iys,/ˈi.ys/
nenäkäs,/ˈnenækæs/
varskenkä,/ˈʋɑrsiˌkeŋkæ/
viišnjä,/ˈʋiːʃnʲæ/
meritse,/ˈmerit͡se/
rohosaari,/ˈrohoˌsɑːri/
kuulla,/ˈkuːlːɑ/
varajooni,/ˈʋɑrɑjoːni/
syänöö,/ˈsyænˌøː/
mahtaa,/ˈmɑhtɑː/
seestarain,/ˈseːstɑrɑi̯ne/
paukata,/ˈpɑu̯kɑtɑ/
hiirenheinä,/ˈhiːrenˌhei̯næ/
oltii,/ˈoltiː/
eitsinikka,/ˈei̯t͡sinikːɑ/
muukalain,/ˈmuːkɑlɑi̯ne/
muurahain,/ˈmuːrɑhɑi̯ne/
velka,/ˈʋelkɑ/
verimato,/ˈʋeriˌmɑto/
pressi,/ˈpresːi/
varretoin,/ˈʋɑrːetoi̯n/
nain,/ˈnɑi̯ne/
levorveri,/ˈleʋorʋeri/
muromaito,/ˈmuroˌmɑi̯to/
metsittyä,/ˈmet͡sitːyæ/
viimeks,/ˈʋiːmekse/
pehmiä,/ˈpehmiæ/
sälkövä,/ˈsælkøʋæ/
takalasti,/ˈtɑkɑˌlɑsti/
talkoot,/ˈtɑlkoːt/
lapti,/ˈlɑpti/
mussikkain,/ˈmusːikːɑi̯ne/
nagraa,/ˈnɑɡrɑː/
laukko,/ˈlɑu̯kːo/
honkapetäjä,/ˈhoŋkɑˌpetæjæ/
suenkorento,/ˈsuenˌkorento/
miä öksyin,/ˈmiæ̯ ˈøksyi̯n/
lusikkain,/ˈlusikːɑi̯ne/
kukkakimppu,/ˈkukːɑˌkimpːu/
kivykkäin,/ˈkiʋykːæi̯ne/
pohjatoin,/ˈpohjɑtoi̯n/
mašinista,/ˈmɑʃinistɑ/
iro,/ˈiro/
pulmalaulu,/ˈpulmɑˌlɑu̯lu/
vatnoi,/ˈʋɑtnoi̯/
panna kiin,/ˈpɑnːɑ ˈkiːn/
vaaksa,/ˈʋɑːksɑ/
složnoi,/ˈsloʒnoi̯/
kokko,/ˈkokːo/
noovosti,/ˈnoːʋosti/
maatsalehti,/ˈmɑːt͡sɑˌlehti/
ujokkain,/ˈujokːɑi̯ne/
syänpäivä,/ˈsyænˌpæi̯ʋæ/
tarvis,/ˈtɑrʋis/
joutsut,/ˈjou̯t͡sut/
kylvömaa,/ˈkylʋøˌmɑː/
tyttersaari,/ˈtytːerˌsɑːri/
kananmuna,/ˈkɑnɑnˌmunɑ/
vanhoittua,/ˈʋɑnoi̯tːuɑ/
suksia,/ˈsuksiɑ/
erilain,/ˈerilɑi̯ne/
versu,/ˈʋersu/
ratsas,/ˈrɑt͡sɑs/
kuusamiin,/ˈkuːsɑmiːn/
rebinapuu,/ˈrebinɑˌpuː/
kekäle,/ˈkekæle/
risti,/ˈristi/
osittee,/ˈositːeː/
seata,/ˈseɑtɑ/
liikutin,/ˈliːkutin/
kuiva maa,/ˈkui̯ʋɑ ˈmɑː/
pellovasaivina,/ˈpelːoʋɑsˌɑi̯ʋinɑ/
vähänäkyvä,/ˈʋæhæˌnækyʋæ/
borkkana,/ˈborkːɑnɑ/
lopputalvi,/ˈlopːuˌtɑlʋi/
kavuta,/ˈkɑʋutɑ/
neeglata,/ˈneːɡlɑtɑ/
pöllykukka,/ˈpølːyˌkukːɑ/
hietä,/ˈhietæ/
uhluin,/ˈuhlui̯ne/
koira,/ˈkoi̯rɑ/
särvättää,/ˈsærʋætːæː/
väsyttää,/ˈʋæsytːæː/
lässiä,/ˈlæsiæ/
avomeri,/ˈɑʋoˌmeri/
yksikköforma,/ˈyksikːøˌformɑ/
ylimaarit,/ˈyliˌmɑːrit/
kaatua,/ˈkɑːtuɑ/
lautta,/ˈlɑu̯tːɑ/
suuvvita,/ˈsuːʋːitɑ/
arvoittee,/ˈɑrʋoi̯tːeː/
loppua,/ˈlopːuɑ/
hervitä,/ˈherʋitæ/
niinipuu,/ˈniːniˌpuː/
tööreki,/ˈtøːˌreki/
koiruin,/ˈkoi̯rui̯ne/
ižoralain,/ˈiʒorɑˌlɑi̯ne/
organisma,/ˈorɡɑnismɑ/
pläkikäs,/ˈplækikæs/
alutos,/ˈɑlutos/
suusoittu,/ˈsuːˌsoi̯tːu/
naikkipoika,/ˈnɑi̯kːiˌpoi̯kɑ/
vilahtaa,/ˈʋilɑhtɑː/
toohkoin,/ˈtoːhkoi̯ne/
uuttu,/ˈuːtːu/
tropiceskoi,/ˈtropit͡ʃeskoi̯/
toomimarjapuu,/ˈtoːmiˌmɑrjɑˌpuː/
tavara,/ˈtɑʋɑrɑ/
partitivaforma,/ˈpɑrtitiʋɑˌformɑ/
nahkia,/ˈnɑhkiɑ/
foofana,/ˈfoːfɑnɑ/
päivykkäin,/ˈpæi̯ʋykːæi̯ne/
helähytellä,/ˈhelæhytelːæ/
näätä,/ˈnæːtæ/
etemmän,/ˈetemːæn/
vaik,/ˈʋɑi̯k/
plemmäänikka,/ˈplemæːnikːɑ/
tuppia,/ˈtupːiɑ/
suisto,/ˈsui̯sto/
sittua,/ˈsitːuɑ/
rebina,/ˈrebinɑ/
tyrä,/ˈtyræ/
suupala,/ˈsuːˌpɑlɑ/
mätä,/ˈmætæ/
kalliokas,/ˈkɑljokɑs/
draastui,/ˈdrɑːstui̯/
piusta,/ˈpiu̯stɑ/
sevverta,/ˈseʋːertɑ/
terppimätöin,/ˈterpːimætøi̯n/
pövvy,/ˈpøʋːy/
trallata,/ˈtrɑlːɑtɑ/
kämmen,/ˈkæmːen/
kuris,/ˈkurisːɑ/
karvahattu,/ˈkɑrʋɑˌhɑtːu/
piättää,/ˈpiætːæː/
vetosolmi,/ˈʋetoˌsolmi/
rikkaheinä,/ˈrikːɑˌhei̯næ/
poljzikas,/ˈpolʲzikɑs/
päivyttyä,/ˈpæi̯ʋytːyæ/
hään,/ˈhæ.æn/
kaataa,/ˈkɑːtɑː/
joomukka,/ˈjoːmukːɑ/
erikkokrapu,/ˈerikːoˌkrɑpu/
rasvain,/ˈrɑsʋɑi̯ne/
pilahua,/ˈpilɑhuɑ/
veli,/ˈʋeli/
siitää,/ˈsiːtæː/
titinvarpaiset,/ˈtitinˌʋɑrpɑi̯set/
punain seestaramarja,/ˈpunɑi̯ne ˈseːstɑrɑˌmɑrjɑ/
paljakas,/ˈpɑljɑkɑs/
sisarukset,/ˈsisɑrukset/
kivekäs,/ˈkiʋekæs/
pilpo,/ˈpilpo/
kullileva,/ˈkulːiˌleʋɑ/
viistoist,/ˈʋiːstoi̯stɑ/
voli,/ˈʋoli/
esipertti,/ˈesiˌpertːi/
päätkä,/ˈpæːtkæ/
emännain,/ˈemænˌnɑi̯ne/
pruuda,/ˈpruːdɑ/
raavastauti,/ˈrɑːʋɑsˌtɑu̯ti/
porras,/ˈporːɑs/
pooli-,/ˈpoːli-/
kaksvootiin,/ˈkɑksˌʋoːtine/
saarenmaa,/ˈsɑːrenˌmɑː/
itikka,/ˈitikːɑ/
pyhä henki,/ˈpyhæ ˈheŋki/
vaikenoittaa,/ˈʋɑi̯kenoi̯tːɑː/
vaskilauta,/ˈʋɑskiˌlɑu̯tɑ/
durakka,/ˈdurɑkːɑ/
jääkenkä,/ˈjæːˌkeŋkæ/
as,/ˈɑsːɑ/
tarpeelliin,/ˈtɑrpeːlːine/
moru,/ˈmoru/
päivälintu,/ˈpæi̯ʋæˌlintu/
eri,/ˈeri/
leikka,/ˈlei̯kːɑ/
ärvärtää,/ˈærʋærtæː/
notkuttaa,/ˈnotkutːɑː/
päävladenja,/ˈpæːˌʋlɑdenjɑ/
lammaskarja,/ˈlɑmːɑsˌkɑrjɑ/
keeltää,/ˈkeːltæː/
päivyt,/ˈpæi̯ʋyt/
huuli,/ˈhuːli/
arvata,/ˈɑrʋɑtɑ/
nato,/ˈnɑto/
nimetöin sormi,/ˈnimetøi̯n ˈsormi/
tekosana,/ˈtekoˌsɑnɑ/
sša,/se ʃe ˈɑ/
tupakka,/ˈtupɑkːɑ/
telki,/ˈtelki/
kiitos leivält soolalt,/ˈkiːtos ˈlei̯ʋæltæ ˈsoːlɑltɑ/
muutto,/ˈmuːtːo/
noottamees,/ˈnoːtːɑˌmeːs/
ylentäjäin,/ˈylentæjæi̯ne/
onnistua,/ˈonːistuɑ/
kilinä,/ˈkilinæ/
sulattaa,/ˈsulɑtːɑː/
rinnoitussteeppeni,/ˈrinːoi̯tusˌsteːpːeni/
fakta,/ˈfɑktɑ/
puikko,/ˈpui̯kːo/
mustapertti,/ˈmustɑˌpertːi/
peto,/ˈpeto/
häät,/ˈhæːt/
kaottaa,/ˈkɑotːɑː/
rysävene,/ˈrysæˌʋene/
siis,/ˈsiːs/
mehiläin,/ˈmehilæi̯ne/
juusto,/ˈjuːsto/
sssr,/es es es ˈer/
lootin,/ˈloːtine/
näökäs,/ˈnæøkæs/
isku,/ˈisku/
kultsahtoa,/ˈkult͡sɑhtoɑ/
turpia,/ˈturpiɑ/
pikari,/ˈpikɑri/
jää,/ˈjæː/
orsi,/ˈorsi/
patrona,/ˈpɑtronɑ/
vaapukkain,/ˈʋɑːpukːɑi̯ne/
organisoittaa,/ˈorɡɑnisoi̯tːɑː/
leikkoja,/ˈlei̯kːojɑ/
voimistua,/ˈʋoi̯mistuɑ/
vaadu,/ˈʋɑːdu/
kuusiriuku,/ˈkuːsiˌriu̯ku/
sopa,/ˈsopɑ/
šotka,/ˈʃotkɑ/
revizora,/ˈreʋizorɑ/
sauna,/ˈsɑu̯nɑ/
pää,/ˈpæː/
gluuhhoi,/ˈɡluːxːoi̯/
heinä,/ˈhei̯næ/
osla,/ˈoslɑ/
naakeli,/ˈnɑːkeli/
voovvenvarsa,/ˈʋoːʋːenˌʋɑrsɑ/
lumihanki,/ˈlumiˌhɑŋki/
šommeloittaa,/ˈʃomːeloi̯tːɑː/
päppä,/ˈpæpːæ/
ilolliin,/ˈilolːine/
musta leipä,/ˈmustɑ ˈlei̯pæ/
jaanimato,/ˈjɑːniˌmɑto/
helve,/ˈhelʋe/
tekahua,/ˈtekɑhuɑ/
bedra,/ˈbedrɑ/
letenitsa,/ˈletenit͡sɑ/
nacalnikka,/ˈnɑt͡ʃɑlnikːɑ/
lehmäpaimen,/ˈlehmæˌpɑi̯men/
vähennettävä,/ˈʋæhenːetːæʋæ/
kähäkkä,/ˈkæhækːæ/
jutokas,/ˈjutokɑs/
matka,/ˈmɑtkɑ/
yhtymiin,/ˈyhtymine/
illativa,/ˈilːɑtiʋɑ/
tappajaiset,/ˈtɑpːɑjɑi̯set/
sotalaiva,/ˈsotɑˌlɑi̯ʋɑ/
avuttaa,/ˈɑʋutːɑː/
ei mittää,/ˈei̯ ˈmitæː/
vilkuttaa,/ˈʋilkutːɑː/
paissettua,/ˈpɑi̯sːetːuɑ/
djuima,/ˈdʲui̯mɑ/
harotos,/ˈhɑrotos/
kalakas,/ˈkɑlɑkɑs/
koipi,/ˈkoi̯pi/
selsovetti,/ˈselsoʋetːi/
öksyä,/ˈøksyæ/
urissa,/ˈurisːɑ/
kloksaa,/ˈkloksɑː/
vahvissella,/ˈʋɑhʋisːelːɑ/
tiitäjä,/ˈtiːtæjæ/
malenia,/ˈmɑleniɑ/
vaapukkavarenja,/ˈʋɑːpukːɑˌʋɑrenjɑ/
etu-,/ˈetu-/
muilakivi,/ˈmui̯lɑˌkiʋi/
soikkola,/ˈsoi̯kːolɑ/
jämmiä,/ˈjæmiæ/
emämuna,/ˈemæˌmunɑ/
siije,/ˈsiːje/
humata,/ˈhumɑtɑ/
kumpassi,/ˈkumpɑsːi/
lämmittää,/ˈlæmːitːæː/
käpy,/ˈkæpy/
mukertaa,/ˈmukertɑː/
tyttöi,/ˈtytːøi̯sːe/
paukutella,/ˈpɑu̯kutelːɑ/
lautain,/ˈlɑu̯tɑi̯ne/
ojeta,/ˈojetɑ/
kintakkain,/ˈkintɑkːɑi̯ne/
nännä,/ˈnænːæ/
sinekki,/ˈsinekːi/
tippa,/ˈtipːɑ/
tykki,/ˈtykːi/
jänis,/ˈjænis/
etähält,/ˈetæːltæ/
lykätä,/ˈlykætæ/
saijapata,/ˈsɑi̯jɑˌpɑtɑ/
kaglašarffi,/ˈkɑɡlɑʃɑrfːi/
korpi,/ˈkorpi/
aisanahkain,/ˈɑi̯sɑˌnɑhkɑi̯ne/
ihala,/ˈihɑlɑ/
ottajaiset,/ˈotːɑjɑi̯set/
sokkia,/ˈsokiɑ/
partsa,/ˈpɑrt͡sɑ/
tuulenneegla,/ˈtuːlenˌneːɡlɑ/
kocevnikka,/ˈkot͡ʃeʋnikːɑ/
vankkurit,/ˈʋɑŋkːurit/
veenost,/ˈʋeːnostɑ/
morda,/ˈmordɑ/
industriatööläin,/ˈindu.striɑˌtøːlæi̯ne/
näkö,/ˈnækø/
jättää,/ˈjætːæː/
heinämerta,/ˈhei̯næˌmertɑ/
vöö,/ˈʋøː/
rapsuttaa,/ˈrɑpsutːɑː/
maanselkä,/ˈmɑːnˌselkæ/
ukonlooti,/ˈukonˌloːti/
sylipuu,/ˈsyliˌpuː/
piirakaas,/ˈpiːrɑkɑsːɑ/
västölintu,/ˈʋæstøˌlintu/
pakkoo,/ˈpɑkːoː/
horjua,/ˈhorjuɑ/
eroitos,/ˈeroi̯tos/
kagrain,/ˈkɑɡrɑi̯ne/
jälkisana,/ˈjælkiˌsɑnɑ/
uulitsa,/ˈuːlit͡sɑ/
pogreba,/ˈpoɡrebɑ/
vähä,/ˈʋæhæ/
verihaava,/ˈʋeriˌhɑːʋɑ/
sööjä,/ˈsøːjæ/
vahvus,/ˈʋɑhʋus/
murhekas,/ˈmurekɑs/
heinäsaraja,/ˈhei̯næˌsɑrɑjɑ/
kankaroittaa,/ˈkɑŋkɑroi̯tːɑː/
kusirakko,/ˈkusiˌrɑkːo/
saksalain,/ˈsɑksɑlɑi̯ne/
täyttyä,/ˈtæy̯tːyæ/
torrua,/ˈtoruɑ/
pilkka,/ˈpilkːɑ/
kolbassi,/ˈkolbɑsːi/
härme,/ˈhærme/
kihlat,/ˈkihlɑt/
lapsukkain,/ˈlɑpsukːɑi̯ne/
mutissa,/ˈmutisːɑ/
muissuttaa,/ˈmui̯sːutːɑː/
velli,/ˈʋelːi/
hajahtaa,/ˈhɑjɑhtɑː/
peenys,/ˈpeːnys/
keelikoira,/ˈkeːliˌkoi̯rɑ/
obednoi,/ˈobednoi̯/
kolkanpää,/ˈkolkɑnˌpæː/
hovi,/ˈhoʋi/
selkämuna,/ˈselkæˌmunɑ/
koirustaa,/ˈkoi̯rustɑː/
silakkabocka,/ˈsilɑkːɑˌbot͡ʃkɑ/
suurustaa,/ˈsuːrustɑː/
rahna,/ˈrɑhnɑ/
juutalain,/ˈjuːtɑlɑi̯ne/
kurssi,/ˈkursːi/
talvimeri,/ˈtɑlʋiˌmeri/
tulimato,/ˈtuliˌmɑto/
munalohko,/ˈmunɑˌlohko/
erohua,/ˈerohuɑ/
käskyforma,/ˈkæskyˌformɑ/
semena,/ˈsemenɑ/
maksaa,/ˈmɑksɑː/
marjakas,/ˈmɑrjɑkɑs/
joonitella,/ˈjoːnitelːɑ/
onki,/ˈoŋki/
punarinta,/ˈpunɑˌrintɑ/
tuulo,/ˈtuːlo/
terppiä,/ˈterpːiæ/
kraami,/ˈkrɑːmi/
atamaani,/ˈɑtɑmɑːni/
saarenmeri,/ˈsɑːrenˌmeri/
hypittää,/ˈhypitːæː/
miul ono kakskymment vootta,/ˈmiu̯lːɑ ˈono ˈkɑksˌkymːentæ ˈʋoːtːɑ/
jouhi,/ˈjou̯hi/
nuka,/ˈnukɑ/
päärme,/ˈpæːrme/
plotnikka,/ˈplotnikːɑ/
urpaviina,/ˈurpɑˌʋiːnɑ/
logillisest,/ˈloɡilːisestɑ/
vällää,/ˈʋælæː/
herkku,/ˈherkːu/
nyrriä,/ˈnyriæ/
polja,/ˈpolʲɑ/
poikittee,/ˈpoi̯kitːeː/
siit,/ˈsiːt/
kocegara,/ˈkot͡ʃeɡɑrɑ/
keltulain,/ˈkeltulɑi̯ne/
pino,/ˈpino/
brigada,/ˈbriɡɑdɑ/
ihmata,/ˈihmɑtɑ/
pskoova,/ˈpskoːʋɑ/
pilpa,/ˈpilpɑ/
plekikas,/ˈplekikɑs/
ivanovo,/ˈiʋɑnoʋo/
liitsa,/ˈliːt͡sɑ/
hapan,/ˈhɑpɑn/
tervehys,/ˈterʋehys/
cakattaa,/ˈt͡ʃɑkɑtːɑː/
sallia,/ˈsɑlːiɑ/
kiviin,/ˈkiʋine/
elussella,/ˈelusːelːɑ/
karkia,/ˈkɑrkiɑ/
pala,/ˈpɑlɑ/
vitsa,/ˈʋit͡sɑ/
koht,/ˈkoht/
tulus,/ˈtulus/
piot,/ˈpiot/
ramaška,/ˈrɑmɑʃkɑ/
häntä,/ˈhæntæ/
kepsuttaa,/ˈkepsutːɑː/
sooniin,/ˈsoːniːn/
fundamentti,/ˈfundɑmentːi/
petäjä,/ˈpetæjæ/
vastaranta,/ˈʋɑstɑˌrɑntɑ/
sammuttaa,/ˈsɑmːutːɑː/
leikki,/ˈlei̯kːi/
pertsupalko,/ˈpert͡suˌpɑlko/
nalja,/ˈnɑljɑ/
senihka,/ˈsenihkɑ/
perintuuli,/ˈperinˌtuːli/
seitsenristi,/ˈsei̯t͡senˌristi/
kovemmast,/ˈkoʋemˌmɑstɑ/
kiusata,/ˈkiu̯sɑtɑ/
ruume,/ˈruːme/
celjuskintsa,/ˈt͡ʃelʲuskint͡sɑ/
veerettää,/ˈʋeːretːæː/
nevvo,/ˈneʋːo/
möit,/ˈmøi̯t/
kangaspuut,/ˈkɑŋɡɑsˌpuːt/
oot,/ˈoːt/
hiisnikkakala,/ˈhiːsnikːɑˌkɑlɑ/
šaškalauta,/ˈʃɑʃkɑˌlɑu̯tɑ/
ofitsera,/ˈofit͡serɑ/
märkänevä,/ˈmærkæneʋæ/
vassen,/ˈʋɑsːen/
korina,/ˈkorinɑ/
caaju,/ˈt͡ʃɑːju/
neežnoi,/ˈneːʒnoi̯/
pörissä,/ˈpørisːæ/
rukoella,/ˈruko.elːɑ/
hittoa,/ˈhitoɑ/
meeskooma,/ˈmeːsˌkoːmɑ/
tyyni,/ˈtyːni/
pölässyttää,/ˈpølæsːytæː/
teitä,/ˈtei̯tæ/
krääkä,/ˈkræːkæ/
tarttuva,/ˈtɑrtːuʋɑ/
kraba,/ˈkrɑbɑ/
palentaa,/ˈpɑlentɑː/
punastua,/ˈpunɑstuɑ/
mukaisamp,/ˈmukɑi̯sɑmpi/
pääsköi,/ˈpæːskøi̯sːe/
saottu,/ˈsɑotːu/
podvala,/ˈpodʋɑlɑ/
jäns,/ˈjæns/
nämät,/ˈnæmæt/
rengas,/ˈreŋɡɑs/
kaftana,/ˈkɑftɑnɑ/
levo,/ˈleʋo/
peukalo,/ˈpeu̯kɑlo/
munittaa,/ˈmunitːɑː/
tankki,/ˈtɑŋkːi/
jako,/ˈjɑko/
da,/ˈdɑ/
maamygrä,/ˈmɑːˌmyɡræ/
suunnurkka,/ˈsuːnˌnurkːɑ/
vars,/ˈʋɑrsi/
päält,/ˈpæːltæ/
virehtiä,/ˈʋirehtiæ/
noita,/ˈnoi̯tɑ/
nyblä,/ˈnyblæ/
elektrostantsia,/ˈelektroˌstɑnt͡siɑ/
bocka,/ˈbot͡ʃkɑ/
elävä,/ˈelæʋæ/
kussaa,/ˈkusːɑː/
villapaita,/ˈʋilːɑˌpɑi̯tɑ/
cäinöi,/ˈt͡ʃæi̯nøi̯/
sittamytty,/ˈsitːɑˌmytːy/
haavavoije,/ˈhɑːʋɑˌʋoi̯je/
kalapaikka,/ˈkɑlɑˌpɑi̯kːɑ/
korsku,/ˈkorsku/
hoksata,/ˈhoksɑtɑ/
syäntauti,/ˈsyænˌtɑu̯ti/
kunikaan sota,/ˈkunikɑːn ˈsotɑ/
tehä töötä,/ˈtehæ ˈtøːtæ/
kuivahua,/ˈkui̯ʋɑhuɑ/
pörömäin,/ˈpørømæi̯ne/
unenhätä,/ˈunenˌhætæ/
rasva,/ˈrɑsʋɑ/
vasta,/ˈʋɑstɑ/
purata,/ˈpurɑtɑ/
zveeri,/ˈzʋeːri/
verha,/ˈʋerɑ/
kaivata,/ˈkɑi̯ʋɑtɑ/
äijäin,/ˈæi̯jæi̯ne/
imikkosika,/ˈimikːoˌsikɑ/
punapuu,/ˈpunɑˌpuː/
kaik,/ˈkɑi̯k/
lonkka,/ˈloŋkːɑ/
passibo,/ˈpɑsːibo/
hanko,/ˈhɑŋko/
pii,/ˈpiː/
alusmeisteri,/ˈɑlusˌmei̯steri/
maamunakooppa,/ˈmɑːmunɑˌkoːpːɑ/
poljkka,/ˈpolʲkːɑ/
puota,/ˈpuotɑ/
polucka,/ˈpolut͡ʃkɑ/
elopaikka,/ˈeloˌpɑi̯kːɑ/
sukkia,/ˈsukijɑ/
noiso,/ˈnoi̯so/
tuulisää,/ˈtuːliˌsæː/
verkkoaitta,/ˈʋerkːoˌɑi̯tːɑ/
mahopilvi,/ˈmɑhoˌpilʋi/
morfologia,/ˈmorfoloɡiɑ/
varukset,/ˈʋɑrukset/
paukkia,/ˈpɑu̯kːiɑ/
hapalka,/ˈhɑpɑlkɑ/
pilkko pimmiä,/ˈpilkːo ˈpimiæ/
tьkva,/ˈtɨkʋɑ/
tapa,/ˈtɑpɑ/
keesus,/ˈkeːsus/
karpula,/ˈkɑrpulɑ/
kraappi,/ˈkrɑːpːi/
riita,/ˈriːtɑ/
voovve,/ˈʋoːʋːe/
lonka,/ˈloŋkɑ/
perttikunta,/ˈpertːiˌkuntɑ/
etukättee,/ˈetuˌkæteː/
aanua,/ˈɑːnuɑ/
nain,/ˈnɑi̯n/
myhhiä,/ˈmyhiæ/
karta,/ˈkɑrtɑ/
looma,/ˈloːmɑ/
vöönkohta,/ˈʋøːnˌkohtɑ/
tupakkapacka,/ˈtupɑkːɑˌpɑt͡ʃkɑ/
hohlikas,/ˈhohlikɑs/
alumain,/ˈɑlumɑi̯ne/
vaikehus,/ˈʋɑi̯kehus/
šnurkka,/ˈʃnurkːɑ/
tere päivää,/ˈtere ˈpæi̯ʋæː/
niittysoo,/ˈniːtːyˌsoː/
haapakoukku,/ˈhɑːpɑˌkou̯kːu/
sitsa,/ˈsit͡sɑ/
hampaat,/ˈhɑmpɑːt/
päreveitsi,/ˈpæreˌʋei̯t͡si/
nukuttaa,/ˈnukutːɑː/
lisätä,/ˈlisætæ/
ensiks,/ˈensikse/
juuri,/ˈjuːri/
napanoora,/ˈnɑpɑˌnoːrɑ/
linevoittaa,/ˈlineʋoi̯tːɑː/
soolaheinä,/ˈsoːlɑˌhei̯næ/
jaama,/ˈjɑːmɑ/
ruikko,/ˈrui̯kːo/
uni,/ˈuni/
saijain,/ˈsɑi̯jɑi̯ne/
vehka,/ˈʋehkɑ/
keeletöin,/ˈkeːletøi̯n/
käännös,/ˈkæːnːøs/
hohlikko,/ˈhohlikːo/
anttikristus,/ˈɑntːiˌkristus/
hiiva,/ˈhiːʋɑ/
ahmastaa söövvä,/ˈɑhmɑstɑː ˈsøːʋːæ/
foma,/ˈfomɑ/
sianporsas,/ˈsiɑnˌporsɑs/
möötä,/ˈmøːtæ/
käsihuntu,/ˈkæsiˌhuntu/
kanaporoda,/ˈkɑnɑˌporodɑ/
kuokki,/ˈku.okːi/
sumu,/ˈsumu/
voljnitsa,/ˈʋolʲnit͡sɑ/
ätälikko,/ˈætælikːo/
kanajoukko,/ˈkɑnɑˌjou̯kːo/
katolt,/ˈkɑtoltɑ/
paimen,/ˈpɑi̯men/
joutua,/ˈjou̯tuɑ/
leikkahus,/ˈlei̯kːɑhus/
pilkkinenä,/ˈpilkːiˌnenæ/
näre,/ˈnære/
baabuška,/ˈbɑːbuʃkɑ/
laukaalain,/ˈlɑu̯kɑːlɑi̯ne/
polzuittaa,/ˈpolzui̯tːɑː/
ristiä,/ˈristiæ/
punatauti,/ˈpunɑˌtɑu̯ti/
liikkua,/ˈliːkːuɑ/
tiippa,/ˈtiːpːɑ/
tiitää,/ˈtiːtæː/
päähkänäkärkkä,/ˈpæːhkænæˌkærkːæ/
etemmäitse,/ˈetemːæi̯t͡se/
pilkkoa,/ˈpilkːoɑ/
avgusta,/ˈɑʋɡustɑ/
peltohiiri,/ˈpeltoˌhiːri/
siivilä,/ˈsiːʋilæ/
laottaa,/ˈlɑotːɑː/
nykyaikain,/ˈnykyˌɑi̯kɑi̯ne/
sappirakko,/ˈsɑpːiˌrɑkːo/
viirukas,/ˈʋiːrukɑs/
tummaveriin,/ˈtumːɑˌʋerine/
siantappajaiset,/ˈsiɑnˌtɑpːɑjɑi̯set/
metra,/ˈmetrɑ/
kilissä,/ˈkilisːæ/
upota,/ˈupotɑ/
mullakas,/ˈmulːɑkɑs/
jänö,/ˈjænø/
tusat,/ˈtusɑt/
laskia,/ˈlɑskiɑ/
synnyn päivä,/ˈsynːyn ˈpæi̯ʋæ/
versta,/ˈʋerstɑ/
poimia,/ˈpoi̯miɑ/
söökkilusikka,/ˈsøːkːiˌlusikːɑ/
ikävöittää,/ˈikæʋøi̯tːæː/
et,/ˈet/
päre,/ˈpære/
varjostaa,/ˈʋɑrjostɑː/
defekta,/ˈdefektɑ/
kurvikapa,/ˈkurʋiˌkɑpɑ/
kippiä,/ˈkipiæ/
rintaluu,/ˈrintɑˌluː/
ulvottaa,/ˈulʋotːɑː/
nahkasiippo,/ˈnɑhkɑˌsiːpːo/
proomьsla,/ˈproːmɨslɑ/
kirjakans,/ˈkirjɑˌkɑns/
monta,/ˈmontɑ/
see,/ˈseː/
voos,/ˈʋoːsi/
klasi,/ˈklɑsi/
poduška,/ˈpoduʃkɑ/
kulli,/ˈkulːi/
stroika,/ˈstroi̯kɑ/
njaukkua,/ˈnʲɑu̯kːuɑ/
vasse,/ˈʋɑsːe/
vadjakko,/ˈʋɑdʲːɑkːo/
levetä,/ˈleʋetæ/
murkinaissa,/ˈmurkinɑi̯sːɑ/
kumpain,/ˈkumpɑi̯ne/
ensti,/ˈensti/
seist,/ˈsetistæ/
liivaperäin,/ˈliːʋɑˌperæi̯ne/
lineikka,/ˈlinei̯kːɑ/
povveta,/ˈpoʋːetɑ/
pitkähäntä,/ˈpitkæˌhæntæ/
ompelikki,/ˈompelikːi/
rinnalle,/ˈrinːɑlːe/
sapana,/ˈsɑpɑnɑ/
lohku,/ˈlohku/
kiukaa,/ˈkiu̯kɑː/
harottaa,/ˈhɑrotːɑː/
kuivattaa,/ˈkui̯ʋɑtːɑː/
kopekka,/ˈkopekːɑ/
kirjakeeli,/ˈkirjɑˌkeːli/
kero,/ˈkero/
porsas,/ˈporsɑs/
arvoitella,/ˈɑrʋoi̯telːɑ/
sakset,/ˈsɑkset/
glasnoi,/ˈɡlɑsnoi̯/
painuttaa,/ˈpɑi̯nutːɑː/
tiijustaa,/ˈtiːjustɑː/
danila,/ˈdɑnilɑ/
ulkopooliin,/ˈulkoˌpoːline/
valmistua,/ˈʋɑlmistuɑ/
toohimerta,/ˈtoːhiˌmertɑ/
ilma,/ˈilmɑ/
riissusuurimikko,/ˈriːsːuˌsuːrimikːo/
herttä,/ˈhertːæ/
keroella,/ˈkero.elːɑ/
kaloja,/ˈkɑlojɑ/
leemi,/ˈleːmi/
kukkoi,/ˈkukːoi̯sːe/
taikapuu,/ˈtɑi̯kɑˌpuː/
panna merkille,/ˈpɑnːɑ ˈmerkilːe/
käsivasara,/ˈkæsiˌʋɑsɑrɑ/
koormittee,/ˈkoːrmitːeː/
vilkas,/ˈʋilkɑs/
pimetellä,/ˈpimetelːæ/
andree,/ˈɑndreː/
naappa,/ˈnɑːpːɑ/
tormi,/ˈtormi/
ruis,/ˈru.is/
pirta,/ˈpirtɑ/
jahtiita,/ˈjɑhtiːtɑ/
villalammas,/ˈʋilːɑˌlɑmːɑs/
uksus,/ˈuksus/
koolija,/ˈkoːlijɑ/
taikaa,/ˈtɑi̯kɑː/
seitsentoist,/ˈsei̯t͡sentoi̯stɑ/
kaanu,/ˈkɑːnu/
opasnoi,/ˈopɑsnoi̯/
irvissellä,/ˈirʋisːelːæ/
poroga,/ˈporoɡɑ/
venokka,/ˈʋenokːɑ/
nju-jorkka,/ˈnjuˌjorkːɑ/
villata,/ˈʋilːɑtɑ/
zanaveska,/ˈzɑnɑʋeskɑ/
sisarekset,/ˈsisɑrekset/
kaglaluu,/ˈkɑɡlɑluː/
pylvä,/ˈpylʋæ/
kansa,/ˈkɑnsɑ/
kuuloittaa hampaita,/ˈkuːloi̯tːɑː ˈhɑmpɑi̯tɑ/
viha,/ˈʋihɑ/
uar,/ˈuɑr/
pellervo,/ˈpelːerʋo/
kapalovöö,/ˈkɑpɑloˌʋøː/
tarkka,/ˈtɑrkːɑ/
ämmä,/ˈæmːæ/
hippiä,/ˈhipiæ/
seitsentoist kymmenäs,/ˈsei̯t͡sentoi̯stɑ ˈkymːenæs/
kehvelikäs,/ˈkehʋelikæs/
bääkkää,/ˈbæːkːæː/
kaheksankymment,/ˈkɑheksɑnˌkymːentæ/
lucikkain,/ˈlut͡ʃikːɑi̯ne/
löyhyttää,/ˈløy̯hytːæː/
muko-muko,/ˈmuko ˈmuko/
punertava,/ˈpunertɑʋɑ/
kivoin,/ˈkiʋoi̯ne/
vettiissä,/ˈʋetiːsːæ/
hännätöin,/ˈhænːætøi̯n/
alaisin,/ˈɑlɑi̯sin/
hako,/ˈhɑko/
pahatapain,/ˈpɑhɑˌtɑpɑi̯ne/
jaloilt,/ˈjɑloi̯ltɑ/
hirvihammas,/ˈhirʋiˌhɑmːɑs/
esipooli,/ˈesiˌpoːli/
assiapaperi,/ˈɑsiɑˌpɑperi/
klejata,/ˈklejɑtɑ/
paksuposkiin,/ˈpɑksuˌposkine/
rapsata,/ˈrɑpsɑtɑ/
purjehtia,/ˈpurjehtiɑ/
rublja,/ˈrublʲɑ/
politseiskoi,/ˈpolit͡sei̯skoi̯/
pisju,/ˈpisʲu/
kiirehtää,/ˈkiːrehtæː/
ennustaa,/ˈenːustɑː/
talvipaljtto,/ˈtɑlʋiˌpɑlʲtːo/
uguritsa,/ˈuɡurit͡sɑ/
savakko,/ˈsɑʋɑkːo/
siivitä,/ˈsiːʋitæ/
laatiissa,/ˈlɑːtiːsːɑ/
lyhyt,/ˈlyhyt/
dohtori,/ˈdohtori/
kokka,/ˈkokːɑ/
plotina,/ˈplotinɑ/
tipu-tipu,/ˈtipu ˈtipu/
hooli,/ˈhoːli/
lehetöin,/ˈlehetøi̯n/
paraska,/ˈpɑrɑskɑ/
imi,/ˈimi/
sooniitty,/ˈsoːˌniːtːy/
grusti,/ˈɡrusti/
noor,/ˈnoːr/
tigra,/ˈtiɡrɑ/
syksyin,/ˈsyksyi̯ne/
diftonga,/ˈdiftoŋɡɑ/
ohkaa,/ˈohkɑː/
kreeposti,/ˈkreːposti/
täittyä,/ˈtæi̯tːyæ/
vähemp,/ˈʋæhempi/
siipisulka,/ˈsiːpiˌsulkɑ/
tookki,/ˈtoːkːi/
merirooku,/ˈmeriˌroːku/
perälle,/ˈperælːe/
zakona,/ˈzɑkonɑ/
soolimahla,/ˈsoːliˌmɑhlɑ/
pulmapäivä,/ˈpulmɑˌpæi̯ʋæ/
toohilapti,/ˈtoːhiˌlɑpti/
ankerias,/ˈɑŋkeriɑs/
pareta,/ˈpɑretɑ/
poski,/ˈposki/
itikkain,/ˈitikːɑi̯ne/
herne,/ˈherne/
murhata,/ˈmurɑtɑ/
pohjasteeppeni,/ˈpohjɑˌsteːpːeni/
fonari,/ˈfonɑri/
daže,/ˈdɑʒe/
pars,/ˈpɑrs/
umpinain,/ˈumpinɑi̯ne/
villakukka,/ˈʋilːɑˌkukːɑ/
heinälaine,/ˈhei̯næˌlɑi̯ne/
oleni,/ˈoleni/
pero,/ˈpero/
fevralikuu,/ˈfeʋrɑliˌkuː/
alasvaahto,/ˈɑlɑsˌʋɑːhto/
metsätee,/ˈmet͡sæˌteː/
nattiissa,/ˈnɑtiːsːɑ/
hlamu,/ˈhlɑmu/
sepyt,/ˈsepyt/
storoža,/ˈstoroʒɑ/
harakka,/ˈhɑrɑkːɑ/
savipääskö,/ˈsɑʋiˌpæːskø/
keihäs,/ˈkei̯hæs/
nu,/ˈnu/
troitsa,/ˈtroi̯t͡sɑ/
oko,/ˈoko/
harvaa,/ˈhɑrʋɑː/
huuhtiissa,/ˈhuːhtiːsːɑ/
inhottaa,/ˈinotːɑː/
vilu,/ˈʋilu/
kokkain,/ˈkokːɑi̯ne/
sihissä,/ˈsihisːæ/
pullu,/ˈpulːu/
villalanka,/ˈʋilːɑˌlɑŋkɑ/
sormus,/ˈsormus/
tarelka,/ˈtɑrelkɑ/
hepoisraiska,/ˈhepoi̯sˌrɑi̯skɑ/
konnankutu,/ˈkonːɑnˌkutu/
parahoda,/ˈpɑrɑhodɑ/
furažka,/ˈfurɑʒkɑ/
toest,/ˈtoestɑ/
caju,/ˈt͡ʃɑju/
kokkaleukain,/ˈkokːɑˌleu̯kɑi̯ne/
kuppia,/ˈkupːiɑ/
maata,/ˈmɑ.ɑtɑ/
kataja,/ˈkɑtɑjɑ/
hoopakenkä,/ˈhoːpɑˌkeŋkæ/
liittää,/ˈliːtːæː/
katu,/ˈkɑtu/
lastikka,/ˈlɑstikːɑ/
löytyä,/ˈløy̯tyæ/
lapsi,/ˈlɑpsi/
pelto,/ˈpelto/
kulja,/ˈkulʲɑ/
truba,/ˈtrubɑ/
painokas,/ˈpɑi̯nokɑs/
veeraaks,/ˈʋeːrɑːkse/
hoppia,/ˈhopiɑ/
troppa,/ˈtropːɑ/
hepoisenriissat,/ˈhepoi̯senˌriːsːɑt/
kleeveri,/ˈkleːʋeri/
ovat,/ˈoʋɑt/
takoja,/ˈtɑkojɑ/
palkka,/ˈpɑlkːɑ/
muglia,/ˈmuɡliɑ/
noitasana,/ˈnoi̯tɑˌsɑnɑ/
pyhähoomus,/ˈpyhæˌhoːmus/
hiirensitta,/ˈhiːrenˌsitːɑ/
uhata,/ˈuhɑtɑ/
seel,/ˈseːlːæ/
aivo,/ˈɑi̯ʋo/
samanlaajain,/ˈsɑmɑnˌlɑːjɑi̯ne/
takatalvi,/ˈtɑkɑˌtɑlʋi/
irvillää,/ˈirʋilːæː/
sanomus,/ˈsɑnomus/
savest,/ˈsɑʋestɑ/
pilpu,/ˈpilpu/
koverasääri,/ˈkoʋerɑˌsæːri/
soimi,/ˈsoi̯mi/
gribavihma,/ˈɡribɑˌʋihmɑ/
koivu,/ˈkoi̯ʋu/
oleninpitotehnikuma,/ˈoleninˌpitoˌtehnikumɑ/
aressoittaa,/ˈɑresːoi̯tːɑː/
rakehoittaa,/ˈrɑkehoi̯tːɑː/
predmetta,/ˈpredmetːɑ/
nennää puristaa,/ˈnenæː ˈpuristɑː/
rinnalt,/ˈrinːɑltɑ/
ijuuni,/ˈijuːni/
lanko,/ˈlɑŋko/
raita,/ˈrɑi̯tɑ/
välistää,/ˈʋælistæː/
saahka,/ˈsɑːhkɑ/
tuhkuri,/ˈtuhkuri/
nooristua,/ˈnoːristuɑ/
hernua,/ˈhernuɑ/
tiukku,/ˈtiu̯kːu/
antaa antiiks,/ˈɑntɑː ˈɑntiːksi/
sana sanalle,/ˈsɑnɑ ˈsɑnɑlːe/
ellää,/ˈelæː/
yllää,/ˈylæː/
pääkkö,/ˈpæːkːø/
havupuu,/ˈhɑʋuˌpuː/
pestikka,/ˈpestikːɑ/
keeltätiitämätöin,/ˈkeːltæˌtiːtæmætøi̯n/
vetämä,/ˈʋetæmæ/
terppimättömäst,/ˈterpːimætːømæstæ/
puujalka,/ˈpuːˌjɑlkɑ/
kälykset,/ˈkælykset/
vaaheria,/ˈʋɑːheriɑ/
primera,/ˈprimerɑ/
kagrapelto,/ˈkɑɡrɑˌpelto/
kolmivootiin,/ˈkolmiˌʋoːtine/
tuima,/ˈtui̯mɑ/
ympäriil,/ˈympærilːe/
tedri,/ˈtedri/
aikain,/ˈɑi̯kɑi̯ne/
lumimäki,/ˈlumiˌmæki/
poikihussa,/ˈpoi̯kihusːɑ/
mustarästähäin,/ˈmustɑˌræstæhæi̯ne/
maazi,/ˈmɑːzi/
kana,/ˈkɑnɑ/
käherä,/ˈkæheræ/
napilka,/ˈnɑpilkɑ/
šommeltaa,/ˈʃomːeltɑː/
aikkaa,/ˈɑi̯kːɑː/
etähääl,/ˈetæːlːæ/
bajari,/ˈbɑjɑri/
pärspää,/ˈpærsˌpæː/
vaattoittaa,/ˈʋɑːtːoi̯tːɑː/
eripainoin,/ˈeriˌpɑi̯noi̯ne/
nimi,/ˈnimi/
kauppa,/ˈkɑu̯pːɑ/
umpi,/ˈumpi/
mörnäksennellä,/ˈmørnæksenːelːæ/
alus,/ˈɑlusːɑ/
kleja,/ˈklejɑ/
kivviin,/ˈkiʋiːn/
mukava,/ˈmukɑʋɑ/
jaanikukka,/ˈjɑːniˌkukːɑ/
cikertäjä,/ˈt͡ʃikertæjæ/
rokka,/ˈrokːɑ/
jalussin,/ˈjɑlusːin/
tuleva,/ˈtuleʋɑ/
nahkapyssy,/ˈnɑhkɑˌpysːy/
köhhiä,/ˈkøhijæ/
metsikäs,/ˈmet͡sikæs/
reknatus,/ˈreknɑtus/
sananväli,/ˈsɑnɑnˌʋæli/
putki,/ˈputki/
vaalia,/ˈʋɑːliɑ/
ruhti,/ˈruhti/
mätäs,/ˈmætæs/
seili,/ˈsei̯li/
mesto,/ˈmesto/
hittolain,/ˈhitːolɑi̯ne/
kinnas,/ˈkinːɑs/
erittyä,/ˈeritːyæ/
georgiini,/ˈɡeorɡiːni/
naatti,/ˈnɑːtːi/
karassibocka,/ˈkɑrɑsːiˌbot͡ʃkɑ/
kerta,/ˈkertɑ/
eskimosa,/ˈeskimosɑ/
hoomukseel,/ˈhoːmukselːæ/
armulliin,/ˈɑrmulːine/
voija,/ˈʋoi̯jɑ/
rahti,/ˈrɑhti/
loont,/ˈloːnut/
noora,/ˈnoːrɑ/
poikia,/ˈpoi̯kiɑ/
marjapehko,/ˈmɑrjɑˌpehko/
palle,/ˈpɑlːe/
paeta,/ˈpɑetɑ/
rodnoi,/ˈrodnoi̯/
poolipäivä,/ˈpoːliˌpæi̯ʋæ/
kävely,/ˈkæʋely/
uurre,/ˈuːrːe/
mukaisa,/ˈmukɑi̯sɑ/
hyvvää päivää,/ˈhyʋæː ˈpæi̯ʋæː/
bibliä,/ˈbibliæ/
paisettua,/ˈpɑi̯setːuɑ/
metsänpuu,/ˈmet͡sænˌpuː/
karjala,/ˈkɑrjɑlɑ/
harpata,/ˈhɑrpɑtɑ/
pöksyt,/ˈpøksyt/
kaikenlaajain,/ˈkɑi̯kenlɑːjɑi̯ne/
vipukätyt,/ˈʋipuˌkætyt/
karppi,/ˈkɑrpːi/
selkiä,/ˈselkijæ/
ahteri,/ˈɑhteri/
pereponka,/ˈperepoŋkɑ/
paljtto,/ˈpɑlʲtːo/
nikostaa,/ˈnikostɑː/
noijitus,/ˈnoi̯jitus/
kyntymaa,/ˈkyntyˌmɑː/
metsähiin,/ˈmet͡sæhine/
koosi,/ˈkoːsi/
raiska,/ˈrɑi̯skɑ/
meesta,/ˈmeːstɑ/
kulkemus,/ˈkulkemus/
kaikkia hyvvää,/ˈkɑi̯kːiɑ ˈhyʋæː/
toittaa,/ˈtoi̯tːɑː/
avahua,/ˈɑʋɑhuɑ/
vesilucikkain,/ˈʋesiˌlut͡ʃikːɑi̯ne/
industria,/ˈindu.striɑ/
kirjasikko,/ˈkirjɑsikːo/
etemmääl,/ˈetemːælːæ/
halko,/ˈhɑlko/
näppi,/ˈnæpːi/
viimänki,/ˈʋiːmæŋki/
rääty,/ˈræːty/
leehku,/ˈleːhku/
välttää,/ˈʋæltːæː/
ansoitella,/ˈɑnsoi̯telːɑ/
nojabrikuu,/ˈnojɑbriˌkuː/
jaslit,/ˈjɑslit/
ploššadimitta,/ˈploʃːɑdiˌmitːɑ/
vesikasvo,/ˈʋesiˌkɑsʋo/
pellovasseemenvoi,/ˈpelːoʋɑsˌseːmenˌʋoi̯/
itse assiaas,/ˈit͡se ˈɑsiɑsːɑ/
latva,/ˈlɑtʋɑ/
škaappi,/ˈʃkɑːpːi/
kaheksas,/ˈkɑheksɑs/
kerkiäliha,/ˈkerkiæˌlihɑ/
kärppä,/ˈkærpːæ/
toomi,/ˈtoːmi/
ykstoist kymment,/ˈykstoi̯stɑ ˈkymːentæ/
kons,/ˈkons/
perrona,/ˈperːonɑ/
noolla,/ˈnoːlːɑ/
toohus,/ˈtoːhus/
pääkirja,/ˈpæːˌkirjɑ/
esijalka,/ˈesiˌjɑlkɑ/
logilliin,/ˈloɡilːine/
rovatti,/ˈroʋɑtːi/
mylleri,/ˈmylːeri/
karvain,/ˈkɑrʋɑi̯ne/
pesoin,/ˈpesoi̯ne/
rinnakkain,/ˈrinːɑkːɑi̯n/
juustomaito,/ˈjuːstoˌmɑi̯to/
keltakukka,/ˈkeltɑˌkukːɑ/
oppikirja,/ˈopːiˌkirjɑ/
viiseniäpäivä,/ˈʋiːsenjæˌpæi̯ʋæ/
viiskymment,/ˈʋiːsˌkymːentæ/
öömato,/ˈøːˌmɑto/
golubi,/ˈɡolubi/
vaažnoi,/ˈʋɑːʒnoi̯/
kahmola,/ˈkɑhmolɑ/
poljzi,/ˈpolʲzi/
merikrapu,/ˈmeriˌkrɑpu/
monislogain,/ˈmoniˌsloɡɑi̯ne/
hään,/ˈhæːn/
saavva kiini,/ˈsɑːʋːɑ ˈkiːni/
saarove,/ˈsɑːroʋe/
hoomeniin,/ˈhoːmenine/
alemmas,/ˈɑlemːɑs/
hanikki,/ˈhɑnikːi/
suutia,/ˈsuːtiɑ/
ylä-,/ˈylæ-/
keltatauti,/ˈkeltɑˌtɑu̯ti/
poohan,/ˈpoːhɑn/
maarot,/ˈmɑːrot/
kasse,/ˈkɑsːe/
orpolaps,/ˈorpoˌlɑps/
ryssy,/ˈrysːy/
nooristo,/ˈnoːristo/
häpelikäs,/ˈhæpelikæs/
maaro,/ˈmɑːro/
riihi,/ˈriːhi/
pääsiä,/ˈpæːsiæ/
sini,/ˈsini/
paljastaa,/ˈpɑljɑstɑː/
reeska,/ˈreːskɑ/
lehto,/ˈlehto/
siks,/ˈsikse/
saarikas,/ˈsɑːrikɑs/
käyttää,/ˈkæy̯tːæː/
puottaa,/ˈpuotːɑː/
venemaasteri,/ˈʋeneˌmɑːsteri/
ogaška,/ˈoɡɑʃkɑ/
jussiheinä,/ˈjusːiˌhei̯næ/
raunio,/ˈrɑu̯nio/
tusakas,/ˈtusɑkɑs/
kymmen,/ˈkymːen/
staakka,/ˈstɑːkːɑ/
saarave,/ˈsɑːrɑʋe/
droobi,/ˈdroːbi/
tokkua,/ˈtokːuɑ/
pitki,/ˈpitki/
määrätty,/ˈmæːrætːy/
uus,/ˈuːs/
assua,/ˈɑsuɑ/
pronomina,/ˈpronominɑ/
olin,/ˈolin/
latsunenä,/ˈlɑt͡suˌnenæ/
veerrä,/ˈʋeːrːæ/
selkiä,/ˈselkiæ/
hoomnikko,/ˈhoːmnikːo/
haroella,/ˈhɑroelːɑ/
metsävoohi,/ˈmet͡sæˌʋoːhi/
jäähyttää,/ˈjæːhytːæː/
haleri,/ˈhɑleri/
kaus,/ˈkɑu̯s/
emmä,/ˈemːæ/
ohvana,/ˈohʋɑnɑ/
hiljetä,/ˈhiljetæ/
heinikko,/ˈhei̯nikːo/
seitsekaarto,/ˈsei̯t͡seˌkɑːrto/
latvia,/ˈlɑtʋiɑ/
talolliin,/ˈtɑlolːine/
isäntä,/ˈisæntæ/
kooppa,/ˈkoːpːɑ/
ruskulain,/ˈruskulɑi̯ne/
pörömä,/ˈpørømæ/
syänrapahus,/ˈsyænˌrɑpɑhus/
gramma,/ˈɡrɑmːɑ/
boinoi,/ˈboi̯noi̯/
irti,/ˈirti/
siunata,/ˈsiu̯nɑtɑ/
traktora,/ˈtrɑktorɑ/
täysiälliin,/ˈtæy̯sˌiælːine/
vinteli,/ˈʋinteli/
pappiraunio,/ˈpɑpːiˌrɑu̯nio/
lämmitellä,/ˈlæmːitelːæ/
elähtää,/ˈelæhtæː/
filimoni,/ˈfilimoni/
langetella,/ˈlɑŋɡetelːɑ/
titi,/ˈtiti/
sikihyä,/ˈsikihyæ/
itu,/ˈitu/
amin,/ˈɑmin/
tulipalo,/ˈtuliˌpɑlo/
yhtperrää,/ˈyhtˌperæː/
ounapuin,/ˈou̯nɑˌpui̯ne/
siansorkkaaita,/ˈsiɑnˌsorkːɑˌɑi̯tɑ/
syksyhaili,/ˈsyksyˌhɑi̯li/
vennäenmaa,/ˈʋenæːnˌmɑː/
mraamoroittaa,/ˈmrɑːmoroi̯tːɑː/
janvari,/ˈjɑnʋɑri/
ukontuuca,/ˈukonˌtuːt͡ʃɑ/
rooko,/ˈroːko/
mikäle,/ˈmikæle/
jääteli,/ˈjæːˌteli/
estää,/ˈestæː/
matokkain,/ˈmɑtokːɑi̯ne/
kolhoza,/ˈkolhozɑ/
allativa,/ˈɑlːɑtiʋɑ/
oktjabrskoi,/ˈoktʲɑbrskoi̯/
aiva,/ˈɑi̯ʋɑ/
pöllyin,/ˈpølːyi̯n/
piiluu,/ˈpiːˌluː/
alkujutto,/ˈɑlkuˌjutːo/
kaikua,/ˈkɑi̯kuɑ/
siiteri,/ˈsiːteri/
kanervikko,/ˈkɑnerʋikːo/
ja,/ˈjɑ/
kolmaspäivä,/ˈkolmɑsˌpæi̯ʋæ/
teräksiin,/ˈteræksiːn/
assia,/ˈɑsiɑ/
kagrapurnu,/ˈkɑɡrɑˌpurnu/
kasi,/ˈkɑsi/
vatiera,/ˈʋɑti.erɑ/
agaffona,/ˈɑɡɑfːonɑ/
arki,/ˈɑrki/
vettyä,/ˈʋetːyæ/
opokka,/ˈopokːɑ/
rantsa,/ˈrɑnt͡sɑ/
lepyttää,/ˈlepytːæː/
kääriä,/ˈkæːriæ/
ruutoässä,/ˈruːtoˌæsːæ/
kylvö,/ˈkylʋø/
verkko,/ˈʋerkːo/
nussia,/ˈnusːiɑ/
täkäläin,/ˈtækælæi̯ne/
kuvikas,/ˈkuʋikɑs/
vimpa,/ˈʋimpɑ/
pelata,/ˈpelɑtɑ/
jättää rautahampaalle,/ˈjætːæː ˈrɑu̯tɑˌhɑmpɑːlːe/
lovine,/ˈloʋine/
kaara,/ˈkɑːrɑ/
peittää,/ˈpei̯tːæː/
oto,/ˈotoi̯/
arhippa,/ˈɑripːɑ/
arvoja,/ˈɑrʋojɑ/
ihassos,/ˈihɑsːos/
iloita,/ˈiloi̯tɑ/
tarkoitella,/ˈtɑrkoi̯telːɑ/
kantaja,/ˈkɑntɑjɑ/
rikka,/ˈrikːɑ/
poolivahva,/ˈpoːliˌʋɑhʋɑ/
jutto,/ˈjutːo/
kuin,/ˈkui̯n/
mikä,/ˈmikæ/
pääpooli,/ˈpæːˌpoːli/
pohjimain,/ˈpohjimɑi̯ne/
piirakkoja,/ˈpiːrɑkːojɑ/
itkuvers,/ˈitkuˌʋers/
vaskiin,/ˈʋɑskiːn/
pläkki,/ˈplækːi/
konsonanttapohja,/ˈkonsonɑntːɑˌpohjɑ/
ihmanne,/ˈihmɑnːe/
pimmiä,/ˈpimiæ/
liitsaluu,/ˈliːt͡sɑˌluː/
seitsenkymment,/ˈsei̯t͡senˌkymːentæ/
seisattaa,/ˈsei̯sɑtːɑː/
kьzьl,/ˈkɨzɨl/
toohikontti,/ˈtoːhiˌkontːi/
kovvuus,/ˈkoʋuːs/
bronha,/ˈbronhɑ/
mokoma,/ˈmokomɑ/
rantti,/ˈrɑntːi/
figura,/ˈfiɡurɑ/
talerka,/ˈtɑlerkɑ/
ihmekäs,/ˈihmekæs/
kaakattaa,/ˈkɑːkɑtːɑː/
vara,/ˈʋɑrɑ/
kerppu,/ˈkerpːu/
lämmää,/ˈlæmːæː/
mist,/ˈmistæ/
aikanna,/ˈɑi̯kɑnːɑ/
ristiosa,/ˈristiˌosɑ/
vanhenoittaa,/ˈʋɑnenoi̯tːɑː/
kura,/ˈkurɑ/
miult,/ˈmiu̯ltɑ/
kerallee,/ˈkerɑlːeː/
poimu,/ˈpoi̯mu/
uksi,/ˈuksi/
puskia,/ˈpuskiɑ/
umpisolmi,/ˈumpiˌsolmi/
vajottaa,/ˈʋɑjotːɑː/
rangata,/ˈrɑŋɡɑtɑ/
häylyttää,/ˈhæy̯lytːæː/
javlenja,/ˈjɑʋlenʲɑ/
tantsukoti,/ˈtɑnt͡suˌkoti/
neito,/ˈnei̯to/
davai,/ˈdɑʋɑi̯/
emänoora,/ˈemæˌnoːrɑ/
kannus,/ˈkɑnːus/
jelissee,/ˈjelisːeː/
raokas,/ˈrɑokɑs/
jooma,/ˈjoːmɑ/
nartat,/ˈnɑrtɑt/
kylläst,/ˈkylːæstæ/
sorokofka,/ˈsorokofkɑ/
hupeloin,/ˈhupeloi̯ne/
haava,/ˈhɑːʋɑ/
materiala,/ˈmɑteriɑlɑ/
lanka,/ˈlɑŋkɑ/
ensemässärki,/ˈensemæsˌsærki/
onnettomus,/ˈonːetːomus/
viisi,/ˈʋiːsi/
haastaa,/ˈhɑːstɑː/
astua,/ˈɑstuɑ/
sukulehmä,/ˈsukuˌlehmæ/
levehys,/ˈleʋehys/
kirjava,/ˈkirjɑʋɑ/
itä,/ˈitæ/
poime,/ˈpoi̯me/
härytkukka,/ˈhærytˌkukːɑ/
priho,/ˈpriho/
yhtäperrää,/ˈyhtæˌperæː/
marakatti,/ˈmɑrɑkɑtːi/
siberi,/ˈsiberi/
sistematiceskoi,/ˈsistemɑtit͡ʃeskoi̯/
viksi,/ˈʋiksi/
pohjan oleni,/ˈpohjɑn ˈoleni/
seegla,/ˈseːɡlɑ/
jälki,/ˈjælki/
vaiketa,/ˈʋɑi̯ketɑ/
kirkka,/ˈkirkːɑ/
alassi,/ˈɑlɑsːi/
päiväst päivää,/ˈpæi̯ʋæstæ ˈpæi̯ʋæː/
suitset,/ˈsui̯t͡set/
hyle,/ˈhyle/
pittää,/ˈpitæː/
vesitilkka,/ˈʋesiˌtilkːɑ/
pääkoira,/ˈpæːˌkoi̯rɑ/
rapakko,/ˈrɑpɑkːo/
uuttuin,/ˈuːtːui̯ne/
kirpitsa,/ˈkirpit͡sɑ/
strojenja,/ˈstrojenjɑ/
tähen,/ˈtæhen/
kapitalisticeskoi,/ˈkɑpitɑlistit͡ʃeskoi̯/
ivana,/ˈiʋɑnɑ/
stolari,/ˈstolɑri/
jekima,/ˈjekimɑ/
pako,/ˈpɑko/
muko,/ˈmuko/
toppi,/ˈtopːi/
šlääppi,/ˈʃlæːpːi/
mahomettiläin,/ˈmɑhometːilæi̯ne/
kirves,/ˈkirʋes/
mesipatsas,/ˈmesiˌpɑt͡sɑs/
tiine,/ˈtiːne/
uurran,/ˈuːrːɑn/
platja,/ˈplɑtjɑ/
tään,/ˈtæːn/
peerrä,/ˈpeːrːæ/
kaks,/ˈkɑks/
kusilain,/ˈkusilɑi̯ne/
koltznacnoi,/ˈkoltˌznɑt͡ʃnoi̯/
krappuissa,/ˈkrɑpui̯sːɑ/
vahva,/ˈʋɑhʋɑ/
ongenvars,/ˈoŋɡenˌʋɑrsi/
mätökset,/ˈmætøkset/
hursti,/ˈhursti/
kaikin,/ˈkɑi̯kin/
makkia,/ˈmɑkiɑ/
pahemp,/ˈpɑhempi/
ympärkäin,/ˈympærkæi̯ne/
bumaga,/ˈbumɑɡɑ/
varraa,/ˈʋɑrɑː/
perriä,/ˈperiæ/
nittoa,/ˈnitoɑ/
eel,/ˈe.elːæ/
j.n.e.,/jot en ˈe/
vihmoa,/ˈʋihmoɑ/
häylää,/ˈhæy̯læː/
helähyttää,/ˈhelæhytːæː/
kamala,/ˈkɑmɑlɑ/
koivuvasta,/ˈkoi̯ʋuˌʋɑstɑ/
kalastaja,/ˈkɑlɑstɑjɑ/
näyttiissä,/ˈnæy̯tːiːsːæ/
lontti,/ˈlontːi/
naimiin,/ˈnɑi̯mine/
kivinnä,/ˈkiʋinːæ/
läpi,/ˈlæpi/
haihtua,/ˈhɑi̯htuɑ/
kyynelkuu,/ˈkyːnelˌkuː/
häilyttää,/ˈhæi̯lytːæː/
lahokas,/ˈlɑhokɑs/
perna,/ˈpernɑ/
porona,/ˈporonɑ/
ehki,/ˈehki/
razdela,/ˈrɑzdelɑ/
poikin,/ˈpoi̯kin/
strelocnikka,/ˈstrelot͡ʃnikːɑ/
munakakku,/ˈmunɑˌkɑkːu/
tee,/ˈteː/
moška,/ˈmoʃkɑ/
ees,/ˈe.esːæ/
epästyä,/ˈepæstyæ/
rikkoa,/ˈrikːoɑ/
ottaa,/ˈotːɑː/
koopata,/ˈkoːpɑtɑ/
raakeli,/ˈrɑːkeli/
ain,/ˈɑi̯n/
metsävahti,/ˈmet͡sæˌʋɑhti/
laulu,/ˈlɑu̯lu/
kaksdjuimain,/ˈkɑksˌdʲui̯mɑi̯ne/
arkipäiväin,/ˈɑrkiˌpæi̯ʋæi̯ne/
mörnää,/ˈmørnæː/
kuustoist kymmenäs,/ˈkuːstoi̯stɑ ˈkymːenæs/
mörähtää,/ˈmøræhtæː/
väärä,/ˈʋæːræ/
piirakoil,/ˈpiːrɑkoi̯lːɑ/
vähentää,/ˈʋæhentæː/
pristani,/ˈpristɑni/
liivakehvel,/ˈliːʋɑˌkehʋel/
vesiopokka,/ˈʋesiˌopokːɑ/
špeili,/ˈʃpei̯li/
pulmatavarat,/ˈpulmɑˌtɑʋɑrɑt/
vilahus,/ˈʋilɑhus/
narskaa,/ˈnɑrskɑː/
sisä-,/ˈsisæ-/
lämmike,/ˈlæmːike/
kraappia,/ˈkrɑːpːiɑ/
ruisolki,/ˈru.isˌolki/
toittu,/ˈtoi̯tːu/
naija,/ˈnɑi̯jɑ/
aikaisemp,/ˈɑi̯kɑi̯sempi/
pauhata,/ˈpɑu̯hɑtɑ/
seejata,/ˈseːjɑtɑ/
heinähäkki,/ˈhei̯næˌhækːi/
kiikari,/ˈkiːkɑri/
vatsan,/ˈʋɑt͡sɑn/
kivikärnä,/ˈkiʋiˌkærnæ/
murna,/ˈmurnɑ/
lainata,/ˈlɑi̯nɑtɑ/
prusakkain,/ˈprusɑkːɑi̯n/
kävelykeppi,/ˈkæʋelyˌkepːi/
kattiissa,/ˈkɑtːiːsːɑ/
maatalohusprodukta,/ˈmɑːˌtɑlohusˌproduktɑ/
slovari,/ˈsloʋɑri/
maanalain,/ˈmɑːnˌɑlɑi̯ne/
syänkammari,/ˈsyænˌkɑmːɑri/
soittu,/ˈsoi̯tːu/
leppäsarka,/ˈlepːæˌsɑrkɑ/
karjamaa,/ˈkɑrjɑˌmɑː/
äkki,/ˈækːi/
teijen,/ˈtei̯jen/
looks,/ˈloːkse/
kolttoist kymment,/ˈkoltːoi̯stɑ ˈkymːentæ/
haapaopokka,/ˈhɑːpɑˌopokːɑ/
cuma,/ˈt͡ʃumɑ/
enemmäst,/ˈenemːæstæ/
hiilihappo,/ˈhiːliˌhɑpːo/
koloda,/ˈkolodɑ/
kohalliin,/ˈkohɑlːine/
koormain,/ˈkoːrmɑi̯ne/
piirakan,/ˈpiːrɑkɑn/
kolmas,/ˈkolmɑs/
toohiversu,/ˈtoːhiˌʋersu/
ravvoittaa,/ˈrɑʋːoi̯tːɑː/
kalkki,/ˈkɑlkːi/
luhta,/ˈluhtɑ/
kate,/ˈkɑte/
saarne,/ˈsɑːrne/
polo,/ˈpolo/
piirakaal,/ˈpiːrɑkɑlːɑ/
mänettää,/ˈmænetːæː/
flaneli,/ˈflɑneli/
toovva,/ˈtoːʋːɑ/
oli,/ˈoli/
emänain,/ˈemæˌnɑi̯ne/
vaadulain,/ˈʋɑːdulɑi̯ne/
nahkuri,/ˈnɑhkuri/
kulta,/ˈkultɑ/
olt,/ˈolt/
seitsemäs,/ˈsei̯t͡semæs/
šaara,/ˈʃɑːrɑ/
käki,/ˈkæki/
houkastaa,/ˈhou̯kɑstɑː/
niiniin,/ˈniːnine/
pisse,/ˈpisːe/
sakkia,/ˈsɑkiɑ/
huntti,/ˈhuntːi/
mullikka,/ˈmulːikːɑ/
sööttiissä,/ˈsøːtːiːsːæ/
murjoa,/ˈmurjoɑ/
konnankarvain,/ˈkonːɑnˌkɑrʋɑi̯ne/
hohlain,/ˈhohlɑi̯ne/
lihapiirakka,/ˈlihɑˌpiːrɑkːɑ/
hapuella,/ˈhɑpu.elːɑ/
geminatta,/ˈɡemiˌnɑtːɑ/
cortta,/ˈt͡ʃortːɑ/
vanne,/ˈʋɑnːe/
takaperin,/ˈtɑkɑˌperin/
nenästyä,/ˈnenæstyæ/
liivapääskö,/ˈliːʋɑˌpæːskø/
vastavirta,/ˈʋɑstɑˌʋirtɑ/
nykyin,/ˈnykyi̯ne/
polle,/ˈpolːe/
vaaliamp,/ˈʋɑːliɑmpi/
kimppu,/ˈkimpːu/
oon,/ˈoːn/
hikkee saa,/ˈhikeːsɑː/
saraja,/ˈsɑrɑjɑ/
pääluu,/ˈpæːˌluː/
kujalle,/ˈkujɑlːe/
hansata,/ˈhɑnsɑtɑ/
pale,/ˈpɑle/
sliivi,/ˈsliːʋi/
palkanlaps,/ˈpɑlkɑnˌlɑps/
suikia,/ˈsui̯kiɑ/
heinäsika,/ˈhei̯næˌsikɑ/
keritä,/ˈkeritæ/
voitua,/ˈʋoi̯tuɑ/
rapsia,/ˈrɑpsiɑ/
kartauhlu,/ˈkɑrtɑˌuhlu/
loukuta,/ˈlou̯kutɑ/
alt,/ˈɑltɑ/
sisusstrojenja,/ˈsisusˌstrojenjɑ/
ujumapereponka,/ˈujumɑˌperepoŋkɑ/
iilia,/ˈiːliɑ/
saviheinä,/ˈsɑʋiˌhei̯næ/
ikostaa,/ˈikostɑː/
osa,/ˈosɑ/
alanikko,/ˈɑlɑnikːo/
tiitoin,/ˈtiːtoi̯ne/
sysälikko,/ˈsysælikːo/
cäsönä,/ˈt͡ʃæsønæ/
tarttua,/ˈtɑrtːuɑ/
keltacirkkulain,/ˈkeltɑˌt͡ʃirkːulɑi̯n/
jyrkkä,/ˈjyrkːæ/
ramo,/ˈrɑmo/
pihlajain,/ˈpihlɑjɑi̯ne/
karitsa,/ˈkɑrit͡sɑ/
punaposkiin,/ˈpunɑˌposkine/
prosekka,/ˈprosekːɑ/
pyssymees,/ˈpysːyˌmeːs/
käsikähäkkä,/ˈkæsiˌkæhækːæ/
pyy,/ˈpyː/
monikas,/ˈmonikɑs/
närriä,/ˈnæriæ/
elosooni,/ˈeloˌsoːni/
ratsastaa,/ˈrɑt͡sɑstɑː/
orja,/ˈorjɑ/
leva,/ˈleʋɑ/
varislintu,/ˈʋɑrisˌlintu/
vähentäjä,/ˈʋæhentæjæ/
liottaa,/ˈliotːɑː/
syänkorva,/ˈsyænˌkorʋɑ/
kruglova,/ˈkruɡloʋɑ/
ohvottaissa,/ˈohʋotːɑi̯sːɑ/
viholain,/ˈʋiholɑi̯ne/
postimees,/ˈpostiˌmeːs/
varo,/ˈʋɑro/
noin,/ˈnoi̯n/
sorrialuin,/ˈsoriɑˌlui̯ne/
otsakeero,/ˈot͡sɑˌkeːro/
patentti,/ˈpɑtentːi/
taatta,/ˈtɑːtːɑ/
valkiaa,/ˈʋɑlkeːtɑ/
selvälentäjä,/ˈselʋæˌlentæjæ/
keehuttaa,/ˈkeːhutːɑː/
talonmerkki,/ˈtɑlonˌmerkːi/
arššina,/ˈɑrʃːinɑ/
ympärys,/ˈympærys/
aijoittaa,/ˈɑi̯joi̯tːɑː/
nahatoin,/ˈnɑhɑtoi̯n/
läkkäämiin,/ˈlækæːmine/
muakas,/ˈmuɑkɑs/
soovotta,/ˈsoːʋotːɑ/
etes takas,/ˈetes ˈtɑkɑs/
meel,/ˈmeːl/
topi,/ˈtopi/
peltopuisut,/ˈpeltoˌpui̯sut/
palkkahua,/ˈpɑlkːɑhuɑ/
retumatokkain,/ˈretuˌmɑtokːɑi̯ne/
pesitellä,/ˈpesitelːæ/
olla,/ˈolːɑ/
tapahus,/ˈtɑpɑ.us/
harmaansiniin kyyhkyläin,/ˈhɑrmɑːnˌsinine ˈkyːhkylæi̯ne/
kalindora,/ˈkɑlindorɑ/
muisto,/ˈmui̯sto/
tormiissa,/ˈtormiːsːɑ/
azbukka,/ˈɑzbukːɑ/
kuin sinnua kutsutaa?,/ˈkui̯n ˈsinuɑ ˈkut͡sutɑː/
puippu,/ˈpui̯pːu/
kasis,/ˈkɑsisːɑ/
vencäissä,/ˈʋent͡ʃæi̯sːæ/
sisteema,/ˈsisteːmɑ/
luetella,/ˈluetelːɑ/
suma,/ˈsumɑ/
šolkkuna,/ˈʃolkːunɑ/
revetä,/ˈreʋetæ/
metsäemä,/ˈmet͡sæˌemæ/
kärpäisen griba,/ˈkærpæi̯sen ˈɡribɑ/
torohammas,/ˈtoroˌhɑmːɑs/
mytty,/ˈmytːy/
leppolintu,/ˈlepːoˌlintu/
teko,/ˈteko/
kera,/ˈkerɑ/
ruiskrääkkä,/ˈru.isˌkræːkːæ/
jaloittaa,/ˈjɑloi̯tːɑː/
jompakumpa,/ˈjompɑˌkumpɑ/
soolaheinärokka,/ˈsoːlɑˌhei̯næˌrokːɑ/
jalkakätyt,/ˈjɑlkɑˌkætyt/
eitse,/ˈei̯t͡se/
hämäri,/ˈhæmæri/
rantamäki,/ˈrɑntɑˌmæki/
vennäänsaapas,/ˈʋenæːnˌsɑːpɑs/
alastoin,/ˈɑlɑstoi̯n/
veljä,/ˈʋeljæ/
noitia,/ˈnoi̯tiɑ/
kiisseli,/ˈkiːsːeli/
lapja,/ˈlɑbjɑ/
ljohkoi,/ˈlʲohkoi̯/
poikiissa,/ˈpoi̯kiːsːɑ/
emämaa,/ˈemæˌmɑː/
hiisnikkalintu,/ˈhiːsnikːɑˌlintu/
bajani,/ˈbɑjɑni/
veripallo,/ˈʋeriˌpɑlːo/
tablitsa,/ˈtɑblit͡sɑ/
kuttiissa,/ˈkutiːsːɑ/
kunne,/ˈkunːe/
murria,/ˈmuriɑ/
kainalo,/ˈkɑi̯nɑlo/
vehnäkakka,/ˈʋehnæˌkɑkːɑ/
metsägolubi,/ˈmet͡sæˌɡolubi/
kerrääjä,/ˈkeræːjæ/
esipaju,/ˈesiˌpɑju/
niini,/ˈniːni/
seenisikko,/ˈseːnisikːo/
harvaslojain,/ˈhɑrʋɑˌslojɑi̯ne/
teli,/ˈteli/
naokset,/ˈnɑokset/
haltias,/ˈhɑltiɑs/
pilvi,/ˈpilʋi/
tuura,/ˈtuːrɑ/
krapu,/ˈkrɑpu/
etujalka,/ˈetuˌjɑlkɑ/
reko,/ˈreko/
soolavesi,/ˈsoːlɑˌʋesi/
variksiinvahti,/ˈʋɑriksiːnˌʋɑhti/
kakara,/ˈkɑkɑrɑ/
aato,/ˈɑːto/
rediska,/ˈrediskɑ/
tunni,/ˈtunːi/
rahkamaito,/ˈrɑhkɑˌmɑi̯to/
toukka,/ˈtou̯kːɑ/
jet,/ˈjet/
okkuli,/ˈokːuli/
maackalehti,/ˈmɑːt͡ʃkɑˌlehti/
nukka,/ˈnukːɑ/
hullukkain,/ˈhulːukːɑi̯ne/
siniseili,/ˈsiniˌsei̯li/
cugunikka,/ˈt͡ʃuɡunikːɑ/
rautahammas,/ˈrɑu̯tɑˌhɑmːɑs/
soittaa,/ˈsoi̯tːɑː/
pärski,/ˈpærski/
pölly,/ˈpølːy/
kappa,/ˈkɑpːɑ/
murnapooli,/ˈmurnɑˌpoːli/
tarpevalliin,/ˈtɑrpeʋɑlːine/
kuli,/ˈkuli/
etevä,/ˈeteʋæ/
oras,/ˈorɑs/
kilogramma,/ˈkiloˌɡrɑmːɑ/
indjukka,/ˈindʲukːɑ/
kenkä,/ˈkeŋkæ/
ohkia,/ˈohkiɑ/
ottaa kiin,/ˈotːɑː ˈkiːn/
vällii,/ˈʋæliːsːe/
pehko,/ˈpehko/
sukkia,/ˈsukːijɑ/
hyvvää hoomusta,/ˈhyʋæː ˈhoːmustɑ/
suursummain,/ˈsuːrˌsumːɑi̯ne/
päähkänäpehko,/ˈpæːhkænæˌpehko/
humppa,/ˈhumpːɑ/
uutturahi,/ˈuːtːuˌrɑhi/
öljy,/ˈøljy/
korjahua,/ˈkorjɑhuɑ/
miul ei oo rahhaa,/ˈmiu̯lːɑ ˈejoː ˈrɑhɑː/
vitsaaita,/ˈʋit͡sɑˌɑi̯tɑ/
jyrinä,/ˈjyrinæ/
tykkää,/ˈtykːæː/
sukkela,/ˈsukːelɑ/
kolmanneks,/ˈkolmɑnːekse/
naka,/ˈnɑkɑ/
nokkia,/ˈnokːiɑ/
tyttölaps,/ˈtytːøˌlɑps/
pärepuu,/ˈpæreˌpuː/
meis,/ˈmei̯sːæ/
ranko,/ˈrɑŋko/
kesäöö,/ˈkesæˌøː/
noottaverkko,/ˈnoːtːɑˌʋerkːo/
apulain,/ˈɑpulɑi̯ne/
aikahiin,/ˈɑi̯kɑhine/
vöglä,/ˈʋøɡlæ/
painotoin,/ˈpɑi̯notoi̯n/
kingiseppin raijona,/ˈkiŋɡisepːin ˈrɑi̯jonɑ/
rasvakas,/ˈrɑsʋɑkɑs/
hyvä,/ˈhyʋæ/
australia,/ˈɑu̯strɑliɑ/
läns-siberi,/ˈlænsˌsiberi/
cotkoi,/ˈt͡ʃotkoi̯/
tervamees,/ˈterʋɑˌmeːs/
mantu,/ˈmɑntu/
saavi,/ˈsɑːʋi/
hyvvää uutta vootta!,/ˈhyʋæː ˈuːtːɑ ˈʋoːtːɑ/
asu,/ˈɑsu/
hinta,/ˈhintɑ/
sapara,/ˈsɑpɑrɑ/
tanvasmato,/ˈtɑnɑʋɑˌmɑto/
valkulaisobolocka,/ˈʋɑlkulɑi̯sˌobolot͡ʃkɑ/
terä,/ˈteræ/
mertatovvi,/ˈmertɑˌtoʋːi/
raania,/ˈrɑːniɑ/
kuveluu,/ˈkuʋeˌluː/
neelu,/ˈneːlu/
koskisenkylä,/ˈkoskisenˌkylæ/
stroittaa,/ˈstroi̯tːɑː/
jäniksensoolaheinä,/ˈjæniksenˌsoːlɑˌhei̯næ/
savekas,/ˈsɑʋekɑs/
murukkain,/ˈmurukːɑi̯ne/
vootta,/ˈʋoːtːɑ/
rauta,/ˈrɑu̯tɑ/
musta meri,/ˈmustɑ ˈmeri/
maistaa,/ˈmɑi̯stɑː/
säkille,/ˈsækilːe/
piirakast,/ˈpiːrɑkɑstɑ/
kiuru,/ˈkiu̯ru/
lähtemä,/ˈlæhtemæ/
mancikkain,/ˈmɑnt͡sikːɑi̯ne/
karassi,/ˈkɑrɑsːi/
rihmaväkkärä,/ˈrihmɑˌʋækːæræ/
maukas,/ˈmɑ.ukɑs/
kedräsluu,/ˈkedræsˌluː/
janottaa,/ˈjɑnotːɑː/
laukaansuu,/ˈlɑu̯kɑːnˌsuː/
vassakkain,/ˈʋɑsːɑkːɑi̯ne/
jatkaa,/ˈjɑtkɑː/
vesiitikkain,/ˈʋesiˌitikːɑi̯ne/
kurimus,/ˈkurimus/
proovolka,/ˈproːʋolkɑ/
kangas,/ˈkɑŋɡɑs/
akana,/ˈɑkɑnɑ/
haukata,/ˈhɑu̯kɑtɑ/
petäisikko,/ˈpetæi̯sikːo/
peltokimalain,/ˈpeltoˌkimɑlɑi̯ne/
paksu,/ˈpɑksu/
lesorit,/ˈlesorit/
keltain,/ˈkeltɑi̯ne/
hauta,/ˈhɑu̯tɑ/
sinkkiin,/ˈsiŋkːine/
kyssyä,/ˈkysyæ/
muhku,/ˈmuhku/
köhähellä,/ˈkøhæhelːæ/
mussikka,/ˈmusːikːɑ/
lenoblono,/ˈlenoblono/
bukvat,/ˈbukʋɑt/
muurain,/ˈmuːrɑi̯n/
sukkia,/ˈsukiɑ/
amerikka,/ˈɑmerikːɑ/
koukku,/ˈkou̯kːu/
strastnoi,/ˈstrɑstnoi̯/
rantavesi,/ˈrɑntɑˌʋesi/
adria,/ˈɑdriɑ/
keskikohta,/ˈkeskiˌkohtɑ/
helliä,/ˈhelːijæ/
vennää,/ˈʋenːæː/
kokkia,/ˈkokːiɑ/
lohi,/ˈlohi/
kevät,/ˈkeʋæt/
hirnahtaa,/ˈhirnɑhtɑː/
kalkkikoori,/ˈkɑlkːiˌkoːri/
maštiin,/ˈmɑʃtine/
jano,/ˈjɑno/
heeroa,/ˈheːroɑ/
kymmenäs,/ˈkymːenæs/
nokipertti,/ˈnokiˌpertːi/
ihmiin,/ˈihmine/
metsoin,/ˈmet͡soi̯ne/
ennen egle,/ˈenːen ˈeɡle/
gluuhkoi,/ˈɡluːhkoi̯/
haili,/ˈhɑi̯li/
voittiissa,/ˈʋoi̯tːiːsːɑ/
nenä,/ˈnenæ/
rööstää,/ˈrøːstæː/
aivastaa,/ˈɑi̯ʋɑstɑː/
naappopää,/ˈnɑːpːoˌpæː/
seille,/ˈsetilːe/
siivolliin,/ˈsiːʋolːine/
valella,/ˈʋɑlelːɑ/
törö,/ˈtørø/
oppivoos,/ˈopːiˌʋoːs/
lauta,/ˈlɑu̯tɑ/
grammatikka,/ˈɡrɑmːɑˌtikːɑ/
pettömaito,/ˈpetːøˌmɑi̯to/
tareta,/ˈtɑretɑ/
ängeli,/ˈæŋɡeli/
riima,/ˈriːmɑ/
nostaa,/ˈnostɑː/
vessellä,/ˈʋesːelːæ/
joossennella,/ˈjoːsːenːelːɑ/
lyhentyä,/ˈlyhentyæ/
hoolia,/ˈhoːlijɑ/
vokalapohja,/ˈʋokɑlɑˌpohjɑ/
viljam,/ˈʋiljɑm/
pyhäpäivä,/ˈpyhæˌpæi̯ʋæ/
keeleel jauhaa,/ˈkeːlelːæ ˈjɑu̯hɑː/
kelmiä,/ˈkelmiæ/
etsijä,/ˈet͡sijæ/
koormalliin,/ˈkoːrmɑlːine/
hia,/ˈhiɑ/
yksinää,/ˈyksinæː/
heinäkäs,/ˈhei̯nækæs/
tammahepoin,/ˈtɑmːɑˌhepoi̯ne/
pökkö,/ˈpøkːø/
halkomytty,/ˈhɑlkoˌmytːy/
rankka,/ˈrɑŋkːɑ/
jamakka,/ˈjɑmɑkːɑ/
syssiä,/ˈsysiæ/
maakimalain,/ˈmɑːˌkimɑlɑi̯ne/
erroissa,/ˈeroi̯sːɑ/
kosolain,/ˈkosolɑi̯ne/
pamppu,/ˈpɑmpːu/
savvu,/ˈsɑʋːu/
säje,/ˈsæje/
substantiva,/ˈsubstɑntiʋɑ/
mulkku,/ˈmulkːu/
vävy,/ˈʋæʋy/
akula,/ˈɑkulɑ/
imikko,/ˈimikːo/
taluttaa,/ˈtɑlutːɑː/
möövvä,/ˈmyʋːæ/
hämöläin,/ˈhæmølæi̯ne/
tuuca,/ˈtuːt͡ʃɑ/
kurokka,/ˈkurokːɑ/
mygrikäs,/ˈmyɡrikæs/
verenimiäin,/ˈʋerenˌimijæi̯ne/
etähittee,/ˈetæhitːeː/
emätöin,/ˈemætøi̯n/
metsännukka,/ˈmet͡sænˌnukːɑ/
jääkerros,/ˈjæːˌkerːos/
uto,/ˈuto/
laiha,/ˈlɑi̯hɑ/
alileuka,/ˈɑliˌleu̯kɑ/
napata,/ˈnɑpɑtɑ/
haluta,/ˈhɑlutɑ/
pilkku,/ˈpilkːu/
lehmäkarja,/ˈlehmæˌkɑrjɑ/
n.s.,/en ˈes/
kulma,/ˈkulmɑ/
rummenikko,/ˈrumːenikːo/
ikävys,/ˈikæʋys/
muites,/ˈmui̯tes/
arvaaja,/ˈɑrʋɑːjɑ/
ujukki,/ˈujukːi/
niisi,/ˈniːsi/
ala-laukaa,/ˈɑlɑˌlɑu̯kɑː/
lunassus,/ˈlunɑsːus/
miltäin,/ˈmiltæi̯ne/
šuutkikas,/ˈʃuːtkikɑs/
merikarhu,/ˈmeriˌkɑru/
köys,/ˈkøy̯s/
piirakat,/ˈpiːrɑkɑt/
kova,/ˈkoʋɑ/
kovemp,/ˈkoʋempi/
nikostua,/ˈnikostuɑ/
vaihtumiin,/ˈʋɑi̯htumine/
miul ono nälkä,/ˈmiu̯lːɑ ˈono ˈnælkæ/
joulunveetto,/ˈjou̯lunˌʋeːtːo/
jäärävä koivu,/ˈjæːræʋæ ˈkoi̯ʋu/
kukkain,/ˈkukːɑi̯ne/
lohki,/ˈlohki/
jussi,/ˈjusːi/
lekko,/ˈlekːo/
vemmel,/ˈʋemːel/
niderland,/ˈniderlɑnd/
merisavi,/ˈmeriˌsɑʋi/
sinicka,/ˈsinit͡ʃkɑ/
kysytellä,/ˈkysytelːæ/
pers,/ˈperse/
orjamarjapuu,/ˈorjɑˌmɑrjɑˌpuː/
paravoza,/ˈpɑrɑʋozɑ/
muissella,/ˈmui̯sːelːɑ/
rummenvakka,/ˈrumːenˌʋɑkːɑ/
pari,/ˈpɑri/
uus kuu,/ˈuːs ˈkuː/
verba,/ˈʋerbɑ/
virittää,/ˈʋiritːæː/
pohmelo,/ˈpohmelo/
žaaru,/ˈʒɑːru/
karmakka,/ˈkɑrmɑkːɑ/
netrudnosposobnoi,/ˈnetrudnosposobnoi̯/
lovi,/ˈloʋi/
krookkia,/ˈkroːkːiɑ/
uuttuin,/ˈuːtːui̯n/
langokset,/ˈlɑŋɡokset/
männöö,/ˈmænːøː/
häikävä,/ˈhæi̯kæʋæ/
ammatti,/ˈɑmːɑtːi/
piirakoiks,/ˈpiːrɑkoi̯kse/
sevvert,/ˈseʋːert/
talvelliin,/ˈtɑlʋelːine/
lasti,/ˈlɑsti/
ižoraks,/ˈiʒorɑkse/
syerliika,/ˈsyerˌliːkɑ/
tropo,/ˈtropo/
longuttaa,/ˈloŋɡutːɑː/
neljäkymment,/ˈneljæˌkymːentæ/
vesakas,/ˈʋesɑkɑs/
karpolo,/ˈkɑrpolo/
hiisi,/ˈhiːsi/
liukas,/ˈliu̯kɑs/
loonto,/ˈloːnto/
suurlukuin,/ˈsuːrˌlukui̯ne/
kukka,/ˈkukːɑ/
tutustua,/ˈtutustuɑ/
aivassella,/ˈɑi̯ʋɑsˌselːɑ/
veserista,/ˈʋeseristɑ/
millimetra,/ˈmilːiˌmetrɑ/
elämiin,/ˈelæmiːn/
armia,/ˈɑrmiɑ/
mokkoo,/ˈmokoː/
palmikoija,/ˈpɑlmikoi̯jɑ/
majamees,/ˈmɑjɑˌmeːs/
podarka,/ˈpodɑrkɑ/
petos,/ˈpetos/
käpehys,/ˈkæpehys/
takaosa,/ˈtɑkɑˌosɑ/
koro,/ˈkoro/
olla rautahampaal,/ˈolːɑ ˈrɑu̯tɑˌhɑmpɑːlːɑ/
sittapata,/ˈsitːɑˌpɑtɑ/
vihmakaari,/ˈʋihmɑˌkɑːri/
banttasolmi,/ˈbɑntːɑˌsolmi/
painokkaamp,/ˈpɑi̯nokːɑːmpi/
nisu,/ˈnisu/
keehua,/ˈkeːhuɑ/
ensimässärki,/ˈensimæsˌsærki/
voohilintu,/ˈʋoːhiˌlintu/
verbljuda,/ˈʋerblʲudɑ/
myttyin,/ˈmytːyi̯ne/
luettaa,/ˈluetːɑː/
siivosana,/ˈsiːʋoˌsɑnɑ/
miä suvvaan sinnua,/ˈmiæ̯ ˈsuʋɑːn ˈsinuɑ/
horoma,/ˈhoromɑ/
roojakas,/ˈroːjɑkɑs/
luiskakivi,/ˈlui̯skɑˌkiʋi/
sloga,/ˈsloɡɑ/
oikehus,/ˈoi̯kehus/
meist,/ˈmei̯stæ/
aluskaatiat,/ˈɑlusˌkɑːtiɑt/
mahla,/ˈmɑhlɑ/
retupääskö,/ˈretuˌpæːskø/
samoljotta,/ˈsɑmoˌlʲotːɑ/
sotasoittu,/ˈsotɑˌsoi̯tːu/
šumu,/ˈʃumu/
oppikoti,/ˈopːiˌkoti/
valetin,/ˈʋɑletin/
puni,/ˈpuni/
formaaliin,/ˈformɑːline/
merenajo,/ˈmerenˌɑjo/
jurmus,/ˈjurmus/
täti,/ˈtæti/
makuisa,/ˈmɑkui̯sɑ/
komentaa,/ˈkomentɑː/
samallain,/ˈsɑmɑlːɑi̯ne/
kenle,/ˈkenle/
laajasana,/ˈlɑːjɑˌsɑnɑ/
sohissa,/ˈsohisːɑ/
ristiissä,/ˈristiːsːæ/
hupeloin,/ˈhupeloi̯n/
pimetä,/ˈpimetæ/
sajanti,/ˈsɑjɑnti/
irtonain,/ˈirtonɑi̯ne/
talvihattu,/ˈtɑlʋiˌhɑtːu/
rantakylä,/ˈrɑntɑˌkylæ/
valkeus,/ˈʋɑlke.us/
sinkkikarta,/ˈsiŋkːiˌkɑrtɑ/
alaitse,/ˈɑlɑi̯t͡se/
panna,/ˈpɑnːɑ/
jaloil,/ˈjɑloi̯lːɑ/
kuvittaa,/ˈkuʋitːɑː/
harja,/ˈhɑrjɑ/
poikarukka,/ˈpoi̯kɑˌrukːɑ/
kangeta,/ˈkɑŋɡetɑ/
yliripsut,/ˈyliˌripsut/
vaa,/ˈʋɑː/
peeksää,/ˈpeːksæː/
ehittää,/ˈehitːæː/
pankapyssy,/ˈpɑŋkɑˌpysːy/
vinkua,/ˈʋiŋkuɑ/
piru,/ˈpiru/
rystys,/ˈrystys/
prževalskin hepoin,/ˈprʒeʋɑlskin ˈhepoi̯ne/
birkka,/ˈbirkːɑ/
konjkka,/ˈkonʲkːɑ/
sises,/ˈsisesːæ/
naljakas,/ˈnɑljɑkɑs/
omenapuu,/ˈomenɑˌpuː/
välil,/ˈʋælilːæ/
illastaa,/ˈilːɑstɑː/
loukuttaa,/ˈlou̯kutːɑː/
hellä,/ˈhelːæ/
vehkasoo,/ˈʋehkɑˌsoː/
kravuta,/ˈkrɑʋutɑ/
allaalle,/ˈɑlːɑːlːe/
hepoisenjooksu,/ˈhepoi̯senˌjoːksu/
kuras,/ˈkurɑsːɑ/
lehtitupakka,/ˈlehtiˌtupɑkːɑ/
päähkänävoi,/ˈpæːhkænæˌʋoi̯/
poolipitkä,/ˈpoːliˌpitkæ/
vähentämiin,/ˈʋæhentæmine/
vala,/ˈʋɑlɑ/
noorain,/ˈnoːrɑi̯ne/
aukka,/ˈɑu̯kːɑ/
yllääl,/ˈylæːlːæ/
elämiin,/ˈelæmine/
noitua,/ˈnoi̯tuɑ/
kirkonmäki,/ˈkirkonˌmæki/
rajona,/ˈrɑjonɑ/
otnošenja,/ˈotnoʃenʲɑ/
varassella,/ˈʋɑrɑsˌselːɑ/
viheltää,/ˈʋiheltæː/
miun,/ˈmiu̯n/
ei milt,/ˈei̯ ˈmiltæ/
eelt,/ˈe.eltæ/
klasiputeli,/ˈklɑsiˌputeli/
pohjapikari,/ˈpohjɑˌpikɑri/
nähhä,/ˈnæxːæ/
maatrenki,/ˈmɑːˌtreŋki/
kuusikko,/ˈkuːsikːo/
vladenja,/ˈʋlɑdenjɑ/
lafka,/ˈlɑfkɑ/
viljasarka,/ˈʋiljɑˌsɑrkɑ/
jauho,/ˈjɑu̯ho/
kelkkain,/ˈkelkːɑi̯ne/
suursaari,/ˈsuːrˌsɑːri/
jäähtyä,/ˈjæːhtyæ/
liota,/ˈliotɑ/
kena,/ˈkenɑ/
hailisuppi,/ˈhɑi̯liˌsupːi/
apreli,/ˈɑpreli/
sannoa,/ˈsɑnoɑ/
kurva,/ˈkurʋɑ/
veera,/ˈʋeːrɑ/
bintta,/ˈbintːɑ/
nagru,/ˈnɑɡru/
egliin,/ˈeɡline/
juuti,/ˈjuːti/
pakkopää,/ˈpɑkːoˌpæː/
hapukoitella,/ˈhɑpukoi̯telːɑ/
joossa,/ˈjoːsːɑ/
latsukkain,/ˈlɑt͡sukːɑi̯ne/
pellovaskaaska,/ˈpelːoʋɑsˌkɑːskɑ/
estyä,/ˈestyæ/
tavallisest,/ˈtɑʋɑlˌlisestɑ/
musto,/ˈmusto/
antiissa,/ˈɑntiːsːɑ/
suksi,/ˈsuksi/
hirvillää,/ˈhirʋilːæː/
saa,/ˈsɑ.ɑ/
löövvä,/ˈlyʋːæ/
rootsinleipä,/ˈroːt͡sinˌlei̯pæ/
ruka,/ˈrukɑ/
märästää,/ˈmæræstæː/
mitellä,/ˈmitelːæ/
ukontelki,/ˈukonˌtelki/
tikkatakkiain,/ˈtikːɑˌtɑkiɑi̯ne/
niittoaika,/ˈniːtːoˌɑi̯kɑ/
paisse,/ˈpɑi̯sːe/
ompelija,/ˈompelijɑ/
sinkki,/ˈsiŋkːi/
kämärä,/ˈkæmæræ/
onnelikas,/ˈonːelikɑs/
vähäramoin,/ˈʋæhæˌrɑmoi̯ne/
malitva,/ˈmɑlitʋɑ/
veräjä,/ˈʋeræjæ/
korma,/ˈkormɑ/
sooheinä,/ˈsoːˌhei̯næ/
šulkkuin,/ˈʃulkːui̯ne/
kalinamarja,/ˈkɑlinɑˌmɑrjɑ/
räämy,/ˈræːmy/
inkeroin,/ˈiŋkeroi̯ne/
honkametsä,/ˈhoŋkɑˌmet͡sæ/
avanto,/ˈɑʋɑnto/
karaissa,/ˈkɑrɑi̯sːɑ/
villapää,/ˈʋilːɑˌpæː/
alku,/ˈɑlku/
päiväin,/ˈpæi̯ʋæi̯ne/
aula,/ˈɑ.ulɑ/
lupaus,/ˈlupɑ.us/
halettaa,/ˈhɑletːɑː/
kaarre,/ˈkɑːrːe/
stantsa,/ˈstɑnt͡sɑ/
savertaa,/ˈsɑʋertɑː/
silta,/ˈsiltɑ/
luin,/ˈlui̯ne/
raivata,/ˈrɑi̯ʋɑtɑ/
pohjain,/ˈpohjɑi̯ne/
kljucitsa,/ˈklʲut͡ʃit͡sɑ/
kehittyä,/ˈkehitːyæ/
paikata,/ˈpɑi̯kɑtɑ/
puu,/ˈpuː/
balalaikka,/ˈbɑlɑlɑi̯kːɑ/
olkimytty,/ˈolkiˌmytːy/
samoittee,/ˈsɑmoi̯tːeː/
metsokukko,/ˈmet͡soˌkukːo/
laki,/ˈlɑki/
takant,/ˈtɑkɑnt/
lamppi,/ˈlɑmpːi/
cirkka,/ˈt͡ʃirkːɑ/
havahtua,/ˈhɑʋɑhtuɑ/
vassu,/ˈʋɑsːu/
mannasuurima,/ˈmɑnːɑˌsuːrimɑ/
mulipää,/ˈmuliˌpæː/
valjaat,/ˈʋɑljɑːt/
risovoittaa,/ˈrisoʋoi̯tːɑː/
saahkara,/ˈsɑːhkɑrɑ/
tööriista,/ˈtøːˌriːstɑ/
sooja,/ˈsoːjɑ/
puulusikka,/ˈpuːˌlusikːɑ/
naatala,/ˈnɑːtɑlɑ/
nahkalappa,/ˈnɑhkɑˌlɑpːɑ/
perrää,/ˈperæː/
ahteriseili,/ˈɑhteriˌsei̯li/
syntymämerkki,/ˈsyntymæˌmerkːi/
probka,/ˈprobkɑ/
yhtehystee,/ˈyhtehysˌteː/
nussu,/ˈnusːu/
tohtia,/ˈtohtiɑ/
stafka,/ˈstɑfkɑ/
apilain,/ˈɑpilɑi̯ne/
kunnia,/ˈkunːiɑ/
ätälä,/ˈætælæ/
oikia,/ˈoi̯kiɑ/
puulapja,/ˈpuːˌlɑpjɑ/
rohhoin,/ˈroxːoi̯n/
ruskettaa,/ˈrusketːɑː/
kylmäsuurima,/ˈkylmæˌsuːrimɑ/
gubernaattori,/ˈɡubernɑːtːori/
rihveli,/ˈrihʋeli/
sovaporoda,/ˈsoʋɑˌporodɑ/
varma,/ˈʋɑrmɑ/
orjalain,/ˈorjɑlɑi̯ne/
rankastua,/ˈrɑŋkɑstuɑ/
reppiä,/ˈrepiæ/
haiso,/ˈhɑi̯so/
käsin,/ˈkæsin/
käärme,/ˈkæːrme/
"kenen ranta, senen raha","/ˈkenen ˈrɑntɑ, ˈsenen ˈrɑhɑ/"
kulkkutauti,/ˈkulkːuˌtɑu̯ti/
präkkää,/ˈprækːæː/
leppä,/ˈlepːæ/
kelkka,/ˈkelkːɑ/
vyyhtiä,/ˈʋyːhtiæ/
hiljakaistaa,/ˈhiljɑˌkɑi̯stɑː/
vanhemp,/ˈʋɑnempi/
ulkopooli,/ˈulkoˌpoːli/
odrapelto,/ˈodrɑˌpelto/
paine,/ˈpɑi̯ne/
merivesi,/ˈmeriˌʋesi/
lihakas,/ˈlihɑkɑs/
munalaatka,/ˈmunɑˌlɑːtkɑ/
lavvantaki,/ˈlɑʋːɑnˌtɑki/
herissellä,/ˈherisːelːæ/
savva,/ˈsɑʋːɑ/
metsäomena,/ˈmet͡sæˌomenɑ/
livvari,/ˈliʋːɑri/
heinämaa,/ˈhei̯næˌmɑː/
taari,/ˈtɑːri/
tää,/ˈtæː/
otava,/ˈotɑʋɑ/
sotaväki,/ˈsotɑˌʋæki/
minjä,/ˈminjæ/
häntäavanto,/ˈhæntæˌɑʋɑnto/
sata,/ˈsɑtɑ/
luun,/ˈlu.un/
mättää,/ˈmætːæː/
makoittaa,/ˈmɑkoi̯tːɑː/
siin,/ˈsiːnæ/
suurustaissa,/ˈsuːrustɑi̯sːɑ/
svaana,/ˈsʋɑːnɑ/
mokomain,/ˈmokomɑi̯ne/
kiissata,/ˈkiːsːɑtɑ/
vahinko,/ˈʋɑhiŋko/
semo,/ˈsemo/
vooro,/ˈʋoːro/
ropja,/ˈropjɑ/
rysty,/ˈrysty/
tocnoi,/ˈtot͡ʃnoi̯/
uhluu,/ˈuhluː/
likemmälle,/ˈlikemːælːe/
pääolut,/ˈpæːˌolut/
esinukka,/ˈesiˌnukːɑ/
seilt,/ˈsetiltæ/
töötöin,/ˈtøːtøi̯n/
sebra,/ˈsebrɑ/
näköin,/ˈnækøi̯ne/
arestoittaa,/ˈɑrestoi̯tːɑː/
vihmakas,/ˈʋihmɑkɑs/
uulitsalt,/ˈuːlit͡sɑltɑ/
kavala,/ˈkɑʋɑlɑ/
sorria,/ˈsoriɑ/
porttu,/ˈportːu/
kaksikkoin,/ˈkɑksikːoi̯n/
sitsavoi,/ˈsit͡sɑʋoi̯/
jussikkoniitty,/ˈjusːikːoˌniːtːy/
sikkiissä,/ˈsikiːsːæ/
lypsylehmä,/ˈlypsyˌlehmæ/
vesu,/ˈʋesu/
erittää,/ˈeritːæː/
sota,/ˈsotɑ/
tyhjä,/ˈtyhjæ/
kupera,/ˈkuperɑ/
proletarskoi,/ˈproletɑrskoi̯/
kolt,/ˈkolt/
laija,/ˈlɑi̯jɑ/
rusakka,/ˈrusɑkːɑ/
ouna,/ˈou̯nɑ/
isost,/ˈisostɑ/
tuhkain,/ˈtuhkɑi̯ne/
ohto,/ˈohto/
suuremmaks osaks,/ˈsuːremːɑkse ˈosɑkse/
vajeta,/ˈʋɑjetɑ/
ukonlookka,/ˈukonˌloːkːɑ/
aho,/ˈɑho/
korjata,/ˈkorjɑtɑ/
kagra,/ˈkɑɡrɑ/
kautta,/ˈkɑu̯tːɑ/
luhka,/ˈluhkɑ/
pääsky,/ˈpæːsky/
tarhaakarhu,/ˈtɑrɑːˌkɑru/
pulmahoomnikko,/ˈpulmɑˌhoːmnikːo/
kuristaa,/ˈkuristɑː/
liikutella,/ˈliːkuˌtelːɑ/
kullikoira,/ˈkulːiˌkoi̯rɑ/
yheksäs,/ˈyheksæs/
hiižina,/ˈhiːʒinɑ/
tulekki,/ˈtulekːi/
retuin,/ˈretui̯ne/
sirppi,/ˈsirpːi/
heimo,/ˈhei̯mo/
odrapudro,/ˈodrɑˌpudro/
siniin,/ˈsinine/
epä-,/ˈepæ-/
syenliika,/ˈsyenˌliːkɑ/
leekuttaa,/ˈleːkutːɑː/
enemmittee,/ˈenemːitːeː/
ast,/ˈɑstɑ/
kaunis,/ˈkɑu̯nis/
kuropatka,/ˈkuropɑtkɑ/
pumppu,/ˈpumpːu/
rooku,/ˈroːku/
noissa,/ˈnoi̯sːɑ/
kiiski,/ˈkiːski/
lihoja,/ˈlihojɑ/
männä hulluks,/ˈmænːæ ˈhulːukse/
rahalliin,/ˈrɑhɑlːine/
hällö,/ˈhælːø/
paikka,/ˈpɑi̯kːɑ/
haapain,/ˈhɑːpɑi̯ne/
hoora,/ˈhoːrɑ/
karpalo,/ˈkɑrpɑlo/
tupata,/ˈtupɑtɑ/
muitas,/ˈmui̯tɑs/
hoopa,/ˈhoːpɑ/
kakskymment,/ˈkɑksˌkymːentæ/
koheta,/ˈkohetɑ/
maukku,/ˈmɑu̯kːu/
hämärtää,/ˈhæmærtæː/
vannua,/ˈʋɑnuɑ/
pikkuruikkuin,/ˈpikːurui̯kːui̯ne/
suulaki,/ˈsuːˌlɑki/
tuhmus,/ˈtuhmus/
kärpäisen opokka,/ˈkærpæi̯sen ˈopokːɑ/
kirkkokunta,/ˈkirkːoˌkuntɑ/
seiks,/ˈsetikse/
jurtta,/ˈjurtːɑ/
sotka,/ˈsotkɑ/
oja,/ˈojɑ/
kaafedra,/ˈkɑːfedrɑ/
siint,/ˈsiːntæ/
yrnää,/ˈyrnæː/
peena,/ˈpeːnɑ/
saami,/ˈsɑːmi/
kyty,/ˈkyty/
murjata,/ˈmurjɑtɑ/
nefti,/ˈnefti/
aampuussen,/ˈɑːmpuːsːen/
rysy,/ˈrysy/
veeras,/ˈʋeːrɑs/
rallittaa,/ˈrɑlːitːɑː/
naittamatoin,/ˈnɑi̯tːɑmɑtoi̯n/
voitto,/ˈʋoi̯tːo/
fonetikka,/ˈfonetikːɑ/
kokkomaito,/ˈkokːoˌmɑi̯to/
varjota,/ˈʋɑrjotɑ/
munita,/ˈmunitɑ/
kiviaita,/ˈkiʋiˌɑi̯tɑ/
povoda,/ˈpoʋodɑ/
kassa,/ˈkɑsːɑ/
rohonpäin,/ˈrohonˌpæi̯ne/
kukko,/ˈkukːo/
kaakku,/ˈkɑːkːu/
verivilli,/ˈʋeriˌʋilːi/
mömmöttää,/ˈmømːøtːæː/
kusipata,/ˈkusiˌpɑtɑ/
pöörä,/ˈpøːræ/
omenajauho,/ˈomenɑˌjɑu̯ho/
rapahus,/ˈrɑpɑhus/
hummar,/ˈhumːɑr/
niskapliiska,/ˈniskɑˌpliːskɑ/
toomari,/ˈtoːmɑri/
naiskooma,/ˈnɑi̯sˌkoːmɑ/
valmistaa,/ˈʋɑlmistɑː/
lisä,/ˈlisæ/
jällee,/ˈjælːeː/
siivottasovhoza,/ˈsiːʋotːɑˌsoʋhozɑ/
koltkolmatta,/ˈkoltˌkolmɑtːɑ/
notkia,/ˈnotkiɑ/
hapannos,/ˈhɑpɑnːos/
organa,/ˈorɡɑnɑ/
välin,/ˈʋælin/
karmanto,/ˈkɑrmɑnto/
harmaa,/ˈhɑrmɑː/
saarukkain,/ˈsɑːrukːɑi̯ne/
pitkä,/ˈpitkæ/
kupahain,/ˈkupɑi̯ne/
kerkiä,/ˈkerkiæ/
meessuku,/ˈmeːsˌsuku/
milliin,/ˈmilːine/
lintuloin markkinat,/ˈlintuloi̯n ˈmɑrkːinɑt/
korenta,/ˈkorentɑ/
valju,/ˈʋɑlju/
puisut,/ˈpui̯sut/
tämä,/ˈtæmæ/
abessiva,/ˈɑbesːiʋɑ/
sanakirja,/ˈsɑnɑˌkirjɑ/
lammas,/ˈlɑmːɑs/
emäin,/ˈemæi̯ne/
maantee,/ˈmɑːnˌteː/
kuhu,/ˈkuhu/
yks,/ˈyks/
vakka,/ˈʋɑkːɑ/
punain armia,/ˈpunɑne ˈɑrmiɑ/
jauza,/ˈjɑ.uzɑ/
tuisku,/ˈtui̯sku/
eglelliin,/ˈeɡlelːine/
sana,/ˈsɑnɑ/
morski,/ˈmorski/
pata,/ˈpɑtɑ/
maamuna,/ˈmɑːˌmunɑ/
parvi,/ˈpɑrʋi/
salakivi,/ˈsɑlɑˌkiʋi/
armolliin,/ˈɑrmolːine/
itähyä,/ˈitæhyæ/
diikkoi kapusta,/ˈdiːkːoi̯ ˈkɑpustɑ/
meehensolmi,/ˈmeːhenˌsolmi/
ympäär,/ˈympæri/
konttoori,/ˈkontːoːri/
mantere,/ˈmɑntere/
telefonalanka,/ˈteleˌfonɑˌlɑŋkɑ/
jauha,/ˈjɑu̯hɑ/
avonain,/ˈɑʋonɑi̯ne/
orjumarja,/ˈorjuˌmɑrjɑ/
vaikko,/ˈʋɑi̯kːo/
seitsemäskymmenäs,/ˈsei̯t͡semæsˌkymːenæs/
kohota,/ˈkohotɑ/
pääskyläin,/ˈpæːskylæi̯ne/
tože,/ˈtoʒe/
ilmalintu,/ˈilmɑˌlintu/
penkki,/ˈpeŋkːi/
päätagra,/ˈpæːˌtɑɡrɑ/
onissima,/ˈonisːimɑ/
harava,/ˈhɑrɑʋɑ/
syänmuna,/ˈsyænˌmunɑ/
miunna,/ˈmiu̯nːɑ/
opastaja,/ˈopɑstɑjɑ/
päämees,/ˈpæːˌmeːs/
kukonkannus,/ˈkukonˌkɑnːus/
kalmat,/ˈkɑlmɑt/
arpa,/ˈɑrpɑ/
lapus,/ˈlɑpus/
lehti,/ˈlehti/
takkuus,/ˈtɑkuːs/
pintamaa,/ˈpintɑˌmɑː/
ramokas,/ˈrɑmokɑs/
neljäspäivä,/ˈneljæsˌpæi̯ʋæ/
pellovasaivinapijo,/ˈpelːoʋɑsˌɑi̯ʋinɑˌpijo/
soima,/ˈsoi̯mɑ/
voiska,/ˈʋoi̯skɑ/
pöllytä,/ˈpølːytæ/
kurissospatsas,/ˈkurisːosˌpɑt͡sɑs/
laota,/ˈlɑotɑ/
suksa,/ˈsuksɑ/
strastnoi viikko,/ˈstrɑstnoi̯ ˈʋiːkːo/
doska,/ˈdoskɑ/
talvikaatiat,/ˈtɑlʋiˌkɑːtiɑt/
prusakka,/ˈprusɑkːɑ/
ity,/ˈity/
kylväjä,/ˈkylʋæjæ/
peittäjäiset,/ˈpei̯tːæjæi̯set/
kiko,/ˈkiko/
vaivakas,/ˈʋɑi̯ʋɑkɑs/
lyhytväliin,/ˈlyhytˌʋæline/
hapantua,/ˈhɑpɑntuɑ/
marjakönkörä,/ˈmætæsˌkøŋkøræ/
sämpsänä,/ˈsæmpsænæ/
kelvata,/ˈkelʋɑtɑ/
potka,/ˈpotkɑ/
rautapaita,/ˈrɑu̯tɑˌpɑi̯tɑ/
barabaanitella,/ˈbɑrɑbɑːnitelːɑ/
palttinain,/ˈpɑltːinɑi̯ne/
ostaa,/ˈostɑː/
ympäröittää,/ˈympærøi̯tːæː/
mees,/ˈmeːs/
kooma,/ˈkoːmɑ/
astava,/ˈɑstɑʋɑ/
rautariissat,/ˈrɑu̯tɑˌriːsːɑt/
toohikivi,/ˈtoːhiˌkiʋi/
komkka,/ˈkomkːɑ/
puzattoi,/ˈpuzɑtːoi̯/
pokrova,/ˈpokroʋɑ/
kirjutospraavila,/ˈkirjutosˌprɑːʋilɑ/
säynes,/ˈsæy̯nes/
lika,/ˈlikɑ/
arka,/ˈɑrkɑ/
äijöin,/ˈæi̯jøi̯n/
kerros,/ˈkerːos/
mutnoi,/ˈmutnoi̯/
haisottaa,/ˈhɑi̯sotːɑː/
näät,/ˈnæːt/
tarita,/ˈtɑritɑ/
trappu,/ˈtrɑpːu/
vihmoittaa,/ˈʋihmoi̯tːɑː/
painuttiissa,/ˈpɑi̯nutˌtiːsːɑ/
pesu,/ˈpesu/
ilvehtiä,/ˈilʋehtiæ/
katto,/ˈkɑtːo/
lähtiä,/ˈlæhtiæ/
kolmijalkain,/ˈkolmiˌjɑlkɑi̯ne/
kyyryselkäin,/ˈkyːryˌselkæi̯ne/
piirakalt,/ˈpiːrɑkɑltɑ/
vakahain,/ˈʋɑkɑhɑi̯ne/
däädä,/ˈdæːdæ/
suu,/ˈsuː/
pitkittee,/ˈpitkitːeː/
eroittaissa,/ˈeroi̯tːɑi̯sːɑ/
vaikia,/ˈʋɑi̯kiɑ/
pitkulain,/ˈpitkulɑi̯ne/
nikossuttaa,/ˈnikosːutːɑː/
eli,/ˈeli/
kaalimaali,/ˈkɑːliˌmɑːli/
saarelain,/ˈsɑːrelɑi̯ne/
kaupanmees,/ˈkɑu̯pɑnˌmeːs/
ventolain,/ˈʋentolɑi̯ne/
äkkiammus,/ˈækːiˌɑmːus/
pohjus,/ˈpohjus/
röhkää,/ˈrøhkæː/
curahtaa,/ˈt͡ʃurɑhtɑː/
vassus,/ˈʋɑsːus/
keelitöö,/ˈkeːliˌtøː/
vaskimato,/ˈʋɑskiˌmɑto/
krinkeli,/ˈkriŋkeli/
toomuin,/ˈtoːmui̯ne/
helppo,/ˈhelpːo/
šutti,/ˈʃutːi/
aine,/ˈɑi̯ne/
viilike,/ˈʋiːlike/
rähissä,/ˈræhisːæ/
käsitöö,/ˈkæsiˌtøː/
ventsa,/ˈʋent͡sɑ/
seen,/ˈseːn/
metsäsika,/ˈmet͡sæˌsikɑ/
terve,/ˈterʋe/
manju,/ˈmɑnʲu/
häglätä,/ˈhæɡlætæ/
kaikellain,/ˈkɑi̯kelːɑi̯ne/
oksatoin,/ˈoksɑtoi̯n/
ovirauta,/ˈoʋiˌrɑu̯tɑ/
ahassos,/ˈɑhɑsːos/
elävähoppia,/ˈelæʋæˌhopiɑ/
mis,/ˈmisːæ/
rohosorsa,/ˈrohoˌsorsɑ/
puinna,/ˈpui̯nːɑ/
huitsutella,/ˈhui̯t͡sutelːɑ/
häikävälliin,/ˈhæi̯kæʋælːine/
esimerkiks,/ˈesiˌmerkikse/
seäs,/ˈseæsːæ/
venäläin,/ˈʋenælæi̯ne/
veel,/ˈʋeːl/
läävä,/ˈlæːʋæ/
šolissa,/ˈʃolisːɑ/
toittiissa,/ˈtoi̯tːiːsːɑ/
masterskoi,/ˈmɑsterskoi̯/
soittaja,/ˈsoi̯tːɑjɑ/
humalapeentara,/ˈhumɑlɑˌpeːntɑrɑ/
kormona,/ˈkormonɑ/
kuus,/ˈkuːsi/
paremp,/ˈpɑrempi/
liijen,/ˈliːjen/
kähnätä,/ˈkæhnætæ/
daacnikka,/ˈdɑːt͡ʃnikːɑ/
morkofka,/ˈmorkofkɑ/
merkki,/ˈmerkːi/
keräkapusta,/ˈkeræˌkɑpustɑ/
vaskinyblä,/ˈʋɑskiˌnyblæ/
mikkeli,/ˈmikːeli/
issutella,/ˈisːutelːɑ/
täitarha,/ˈtæi̯ˌtɑrɑ/
jauhokas,/ˈjɑu̯hokɑs/
mašina,/ˈmɑʃinɑ/
kalamerta,/ˈkɑlɑˌmertɑ/
temppu,/ˈtempːu/
ikähiin,/ˈikæhine/
imisä,/ˈimisæ/
kaplas,/ˈkɑplɑs/
doktori,/ˈdoktori/
naikkimees,/ˈnɑi̯kːiˌmeːs/
verkkorihma,/ˈʋerkːoˌrihmɑ/
pölässyttää,/ˈpølæsːytːæː/
kazakka,/ˈkɑzɑkːɑ/
aima,/ˈɑi̯mɑ/
seäl,/ˈseælːæ/
jäänös,/ˈjæːnøs/
punain,/ˈpunɑi̯ne/
erahua,/ˈerɑhuɑ/
nasse,/ˈnɑsːe/
käköin,/ˈkækøi̯ne/
vart,/ˈʋɑrt/
rysämees,/ˈrysæˌmeːs/
sataoksa,/ˈsɑtɑˌoksɑ/
kesävari,/ˈkesæˌʋɑri/
muna,/ˈmunɑ/
pohmelopäivä,/ˈpohmeloˌpæi̯ʋæ/
luiska,/ˈlui̯skɑ/
tilkka,/ˈtilkːɑ/
hapanvesi,/ˈhɑpɑnˌʋesi/
toin,/ˈtoi̯ne/
pellovain,/ˈpelːoʋɑi̯n/
esisana,/ˈesiˌsɑnɑ/
kaks kolmatta ei vältä,/ˈkɑks ˈkolmɑtːɑ ˈei̯ ˈʋæltæ/
notko,/ˈnotko/
tonna,/ˈtonːɑ/
kärnäkäs,/ˈkærnækæs/
vale,/ˈʋɑle/
heil,/ˈhei̯lːæ/
ikkee,/ˈikeː/
vilissä,/ˈʋilisːæ/
hakata,/ˈhɑkɑtɑ/
skvortsa,/ˈskʋort͡sɑ/
aita,/ˈɑi̯tɑ/
havvata,/ˈhɑʋːɑtɑ/
hiestyä,/ˈhiestyæ/
mättää,/ˈmætæː/
ammultaa,/ˈɑmːultɑː/
nyrhi,/ˈnyri/
sittoa,/ˈsitoɑ/
naiselliin,/ˈnɑi̯selːine/
itäpohja,/ˈitæˌpohjɑ/
sammal,/ˈsɑmːɑl/
kaikkia,/ˈkɑi̯kːiɑ/
pässi-pässi,/ˈpæsːi ˈpæsːi/
matsaa,/ˈmɑt͡sɑː/
litkiä,/ˈlitkiæ/
nosilkat,/ˈnosilkɑt/
lemissä haissa,/ˈlemisːæ ˈhɑi̯sːɑ/
kellokukka,/ˈkelːoˌkukːɑ/
kuuskymment,/ˈkuːsˌkymːentæ/
mancžjuria,/ˈmɑnt͡ʃ.ʒʲuriɑ/
harkki,/ˈhɑrkːi/
nykyaika,/ˈnykyˌɑi̯kɑ/
tööläin,/ˈtøːlæi̯ne/
vimpata,/ˈʋimpɑtɑ/
ätsintimä,/ˈæt͡sintimæ/
kaikkirookain,/ˈkɑi̯kːiˌroːkɑi̯ne/
ristilaps,/ˈristiˌlɑps/
hirnuksennella,/ˈhirnuksenːelːɑ/
groošša,/ˈɡroːʃːɑ/
eest,/ˈe.estæ/
antaa mordaa,/ˈɑntɑː ˈmordɑː/
ylämeri,/ˈylæˌmeri/
lunt,/ˈluntɑ/
voitella,/ˈʋoi̯telːɑ/
tääl,/ˈtæːlːæ/
jäsen,/ˈjæsen/
joulu,/ˈjou̯lu/
rahka,/ˈrɑhkɑ/
liikaa,/ˈliːkɑː/
syli,/ˈsyli/
kirkastaa,/ˈkirkɑstɑː/
hapa,/ˈhɑpɑ/
aprelikuu,/ˈɑpreliˌkuː/
haravoija,/ˈhɑrɑʋoi̯jɑ/
koverus,/ˈkoʋerus/
skiletti,/ˈskiletːi/
himo,/ˈhimo/
topata,/ˈtopɑtɑ/
fortocka,/ˈfortot͡ʃkɑ/
kesäpäivä,/ˈkesæˌpæi̯ʋæ/
uukahtaa,/ˈuːkɑhtɑː/
soitella,/ˈsoi̯telːɑ/
vot,/ˈʋot/
tilkahtaa,/ˈtilkɑhtɑː/
syntyä,/ˈsyntyæ/
ääntää,/ˈæːntæː/
erillää,/ˈerilːæː/
frovva,/ˈfroʋːɑ/
nopata,/ˈnopɑtɑ/
murjahussa,/ˈmurjɑhusːɑ/
greecinasuurima,/ˈɡreːt͡ʃinɑˌsuːrimɑ/
variksenvarpaat,/ˈʋɑriksenˌʋɑrpɑːt/
matalikko,/ˈmɑtɑlikːo/
ylös,/ˈyløs/
glaisa,/ˈɡlɑi̯sɑ/
laatihussa,/ˈlɑːtihusːɑ/
naagla,/ˈnɑːɡlɑ/
kuettaa,/ˈkuetːɑː/
kerosana,/ˈkeroˌsɑnɑ/
taitaa,/ˈtɑi̯tɑː/
liitsatoin,/ˈliːt͡sɑtoi̯n/
kannella,/ˈkɑnːelːɑ/
varsa,/ˈʋɑrsɑ/
papa,/ˈpɑpɑ/
maatalohus,/ˈmɑːˌtɑlohus/
metsäkili,/ˈmet͡sæˌkili/
kurkku,/ˈkurkːu/
rsfsr,/er es ef es ˈer/
multamaa,/ˈmultɑˌmɑː/
sisest,/ˈsisestæ/
paturi,/ˈpɑturi/
paras,/ˈpɑrɑs/
ätitöin,/ˈætitøi̯n/
matkustaa,/ˈmɑtkustɑː/
puutulppa,/ˈpuːˌtulpːɑ/
adressi,/ˈɑdresːi/
praavitos,/ˈprɑːʋitos/
kirkonvahti,/ˈkirkonˌʋɑhti/
gazetti,/ˈɡɑzetːi/
varitauti,/ˈʋɑriˌtɑu̯ti/
pöröläin,/ˈpørølæi̯ne/
sääri,/ˈsæːri/
käsihohla,/ˈkæsiˌhohlɑ/
šarffi,/ˈʃɑrfːi/
tahota,/ˈtɑhotɑ/
rakkopilli,/ˈrɑkːoˌpilːi/
kivikallio,/ˈkiʋiˌkɑljo/
liivain,/ˈliːʋɑi̯ne/
sikori,/ˈsikori/
naasti,/ˈnɑːsti/
äkätä,/ˈækætæ/
hämöverkko,/ˈhæmøˌʋerkːo/
alkukonsonantta,/ˈɑlkuˌkonsoˌnɑntːɑ/
saattaja,/ˈsɑːtːɑjɑ/
vanna,/ˈʋɑnːɑ/
jyrki,/ˈjyrki/
esi,/ˈesi/
hörsky,/ˈhørsky/
velosipeda,/ˈʋelosipedɑ/
sorkka,/ˈsorkːɑ/
svojakka,/ˈsʋojɑkːɑ/
purnolliin,/ˈpurnolːine/
seil,/ˈsetilːæ/
helmikerta,/ˈhelmiˌkertɑ/
ylempäin,/ˈylempæi̯ne/
tarhas,/ˈtɑrɑs/
läkkämys,/ˈlækːæmys/
sooli,/ˈsoːli/
veetellä,/ˈʋeːtelːæ/
koskina,/ˈkoskinɑ/
rotta,/ˈrotːɑ/
kapa,/ˈkɑpɑ/
sianpoola,/ˈsiɑnˌpoːlɑ/
vaihtumissteeppeni,/ˈʋɑi̯htumisˌsteːpːeni/
kuherrella,/ˈkuherːelːɑ/
kukkia,/ˈkukːijɑ/
lykky,/ˈlykːy/
itälounat,/ˈitæˌlou̯nɑt/
syksynnä,/ˈsyksynːæ/
ponomari,/ˈponomɑri/
paljo,/ˈpɑljo/
maakerves,/ˈmɑːˌkerʋes/
raavas,/ˈrɑːʋɑs/
gorjki,/ˈɡorʲki/
ihan,/ˈihɑn/
jakahua,/ˈjɑkɑhuɑ/
jääkäs,/ˈjæːkæs/
kiitellä,/ˈkiːtelːæ/
ettee,/ˈeteː/
maaniitty,/ˈmɑːˌniːtːy/
sämpsä,/ˈsæmpsæ/
steeppeni,/ˈsteːpːeni/
rauniopappi,/ˈrɑu̯nioˌpɑpːi/
ruakas,/ˈruɑkɑs/
petellä,/ˈpetelːæ/
saari,/ˈsɑːri/
kakspooliin,/ˈkɑksˌpoːline/
häät,/ˈhæ.æt/
hänen,/ˈhænen/
kuivus,/ˈkui̯ʋus/
ranka,/ˈrɑŋkɑ/
punettaa,/ˈpunetːɑː/
suukko,/ˈsuːkːo/
parta,/ˈpɑrtɑ/
lopettaa,/ˈlopetːɑː/
susana,/ˈsusɑnɑ/
yhtyä,/ˈyhtyæ/
voonna,/ˈʋoːnːɑ/
toomimarja,/ˈtoːmiˌmɑrjɑ/
hengätä,/ˈheŋɡætæ/
sammua,/ˈsɑmːuɑ/
kaivertaa,/ˈkɑi̯ʋertɑː/
seisohtaa,/ˈsei̯sohtɑː/
käsiranne,/ˈkæsiˌrɑnːe/
tahkoallas,/ˈtɑhkoˌɑlːɑs/
kekel,/ˈkekel/
mius,/ˈmiu̯sːɑ/
linnalain,/ˈlinːɑlɑi̯ne/
tunnus,/ˈtunːus/
hauki,/ˈhɑu̯ki/
ori,/ˈori/
sulkapoduška,/ˈsulkɑˌpoduʃkɑ/
boltuška,/ˈboltuʃkɑ/
veel,/ˈʋe.el/
hankkia,/ˈhɑŋkːiɑ/
leipäaitta,/ˈlei̯pæˌɑi̯tːɑ/
glaisikko,/ˈɡlɑi̯sikːo/
hohla,/ˈhohlɑ/
lahna,/ˈlɑhnɑ/
haukka,/ˈhɑu̯kːɑ/
aijanseiväs,/ˈɑi̯jɑnˌsei̯ʋæs/
laiva,/ˈlɑi̯ʋɑ/
aitavitsa,/ˈɑi̯tɑˌʋit͡sɑ/
lekkaa,/ˈlekːɑː/
veripunain,/ˈʋeriˌpunɑi̯ne/
ainaki,/ˈɑi̯nɑki/
aresti,/ˈɑresti/
paitulain,/ˈpɑi̯tulɑi̯ne/
haililooto,/ˈhɑi̯liˌloːto/
laukkaheinä,/ˈlɑu̯kːɑˌhei̯næ/
lyhhyemp,/ˈlyhyempi/
just,/ˈjust/
sikamees,/ˈsikɑˌmeːs/
tuuloin,/ˈtuːloi̯ne/
valkia meri,/ˈʋɑlkiɑ ˈmeri/
sapanapää,/ˈsɑpɑnɑˌpæː/
polttaa,/ˈpoltːɑː/
jouhimato,/ˈjou̯hiˌmɑto/
kerves,/ˈkerʋes/
pääs,/ˈpæːsːæ/
nooli,/ˈnoːli/
laulusulka,/ˈlɑu̯luˌsulkɑ/
kust,/ˈkustɑ/
kraapata,/ˈkrɑːpɑtɑ/
maapäähkänä,/ˈmɑːˌpæːhkænæ/
naiselikas,/ˈnɑi̯selikɑs/
valkulain,/ˈʋɑlkulɑi̯ne/
alkutulo,/ˈɑlkuˌtulo/
kärki,/ˈkærki/
parsi,/ˈpɑrsi/
rozboinikka,/ˈrozboi̯nikːɑ/
ehtoo,/ˈehtoː/
tamma,/ˈtɑmːɑ/
umpikatto,/ˈumpiˌkɑtːo/
matoheinä,/ˈmɑtoˌhei̯næ/
kis-kis,/ˈkis ˈkis/
veetto,/ˈʋeːtːo/
konservat,/ˈkonserʋɑt/
suvata,/ˈsuʋɑtɑ/
kalkkikivi,/ˈkɑlkːiˌkiʋi/
kagla,/ˈkɑɡlɑ/
jäägeli,/ˈjæːɡeli/
nussutöö,/ˈnusːuˌtøː/
vaakia,/ˈʋɑːkiɑ/
niistää,/ˈniːstæː/
sormenpäähiäin,/ˈsormenˌpæːhijæi̯ne/
harjokka,/ˈhɑrʲokːɑ/
päätöin,/ˈpæːtøi̯n/
tagroa,/ˈtɑɡroɑ/
maijonvaahto,/ˈmɑi̯jonˌʋɑːhto/
hoovata,/ˈhoːʋɑtɑ/
hiiri,/ˈhiːri/
kopjo,/ˈkopjo/
vohmain,/ˈʋohmɑi̯ne/
tihimpää,/ˈtihimpæː/
loimi,/ˈloi̯mi/
föklä,/ˈføklæ/
livvuttaa,/ˈliʋːutːɑː/
niitty,/ˈniːtːy/
pulmat,/ˈpulmɑt/
ruisakana,/ˈru.isˌɑkɑnɑ/
tihtii,/ˈtihtiː/
pintamaanalusmaa,/ˈpintɑˌmɑːnˌɑlusˌmɑː/
allaal,/ˈɑlɑːlːɑ/
jakutta,/ˈjɑkutːɑ/
aposteli,/ˈɑposteli/
tali,/ˈtɑli/
oleva,/ˈoleʋɑ/
avaella,/ˈɑʋɑ.elːɑ/
aabrama,/ˈɑːbrɑmɑ/
voohi,/ˈʋoːhi/
uupua,/ˈuːpuɑ/
yhenlain,/ˈyhenlɑi̯ne/
paaromain,/ˈpɑːromɑi̯ne/
liitsaal,/ˈliːt͡sɑlːɑ/
valta,/ˈʋɑltɑ/
kirissä,/ˈkirisːæ/
nodra,/ˈnodrɑ/
polvi,/ˈpolʋi/
vetelä,/ˈʋetelæ/
kurenmäki,/ˈkurenˌmæki/
emämaanporoda,/ˈemæˌmɑːnˌporodɑ/
tuntomerkki,/ˈtuntoˌmerkːi/
hätästyä,/ˈhætæstyæ/
seeni,/ˈseːni/
nahankiskoja,/ˈnɑhɑnˌkiskojɑ/
havu,/ˈhɑʋu/
takas,/ˈtɑkɑs/
irvistää,/ˈirʋistæː/
vihko,/ˈʋihko/
tooppi,/ˈtoːpːi/
koolle,/ˈkoːlːe/
niskatalkkuna,/ˈniskɑtɑlkːunɑ/
tervabocka,/ˈterʋɑˌbot͡ʃkɑ/
rantatee,/ˈrɑntɑˌteː/
markkinat,/ˈmɑrkːinɑt/
lippiäkeeli,/ˈlipiæˌkeːli/
tavveta,/ˈtɑʋːetɑ/
lopulaulu,/ˈlopuˌlɑu̯lu/
linja,/ˈlinjɑ/
ahavain,/ˈɑhɑʋɑi̯ne/
siniin akula,/ˈsinine ˈɑkulɑ/
kiin,/ˈkiːn/
salakavala,/ˈsɑlɑˌkɑʋɑlɑ/
männävootiin,/ˈmænːæˌʋoːtine/
jaavali,/ˈjɑːʋɑli/
palo,/ˈpɑlo/
ikkunalt,/ˈikːunɑltɑ/
oboza,/ˈobozɑ/
meeletöin,/ˈmeːletøi̯n/
mäkkyläin,/ˈmækːylæi̯ne/
vaka,/ˈʋɑkɑ/
tseppi,/ˈt͡sepːi/
kolhoznikka,/ˈkolhoznikːɑ/
jauhoa,/ˈjɑu̯hoɑ/
lohkoa,/ˈlohkoɑ/
koilliin,/ˈkoi̯lːine/
akkuna,/ˈɑkːunɑ/
kahenlain,/ˈkɑhenlɑi̯ne/
suurimikko,/ˈsuːrimikːo/
verbi,/ˈʋerbi/
pöllyin,/ˈpølːyi̯ne/
löövvä vettoa,/ˈløːʋːæ ˈʋetoɑ/
urpipäivä,/ˈurpiˌpæi̯ʋæ/
stolitsa,/ˈstolit͡sɑ/
armatoin,/ˈɑrmɑtoi̯n/
proovata,/ˈproːʋɑtɑ/
pumputa,/ˈpumputɑ/
kukkosoittu,/ˈkukːosoi̯tːu/
arttamona,/ˈɑrtːɑmonɑ/
rootsi,/ˈroːt͡si/
tyttöpää,/ˈtytːøˌpæː/
piirakaks,/ˈpiːrɑkɑkse/
kilo-,/ˈkilo-/
helvetti,/ˈhelʋetːi/
ken siä oot?,/ˈken ˈsiæ̯ ˈoːt/
iättää,/ˈiætːæː/
suvi,/ˈsuʋi/
ennen muinaa,/ˈenːen ˈmui̯nɑː/
naisikas,/ˈnɑi̯sikɑs/
hylky,/ˈhylky/
tanvashaltias,/ˈtɑnɑʋɑˌhɑltiɑs/
tprr,/ʙː/
kanansilmä,/ˈkɑnɑnˌsilmæ/
lahti,/ˈlɑhti/
pilvenjooksu,/ˈpilʋenˌjoːksu/
päästää,/ˈpæːstæː/
ätti,/ˈætːi/
vahvistama,/ˈʋɑhʋistɑmɑ/
rästähäin,/ˈræstæhæi̯ne/
äänehtiä,/ˈæːnehtiæ/
mullikko,/ˈmulːikːo/
marli,/ˈmɑrli/
vallua,/ˈʋɑluɑ/
viiseniä,/ˈʋiːsenjæ/
moniääniin,/ˈmoniˌæːnine/
lunta,/ˈluntɑ/
kanta,/ˈkɑntɑ/
matala,/ˈmɑtɑlɑ/
karpala,/ˈkɑrpɑlɑ/
sloja,/ˈslojɑ/
interesnoi,/ˈinteresnoi̯/
viišnjäpuu,/ˈʋiːʃnʲæˌpuː/
troopikka,/ˈtroːpikːɑ/
pässi,/ˈpæsːi/
tempova,/ˈtempoʋɑ/
kae,/ˈkɑe/
kärenki,/ˈkæreŋki/
nukkua,/ˈnukːuɑ/
särpää,/ˈsærpæː/
teenata,/ˈteːnɑtɑ/
voi,/ˈʋoi̯/
kalamees,/ˈkɑlɑˌmeːs/
vihta,/ˈʋihtɑ/
käet,/ˈkæet/
halluus,/ˈhɑlːuːs/
meettiä,/ˈmeːtːiæ/
pöllyttää,/ˈpølːytːæː/
nurmi,/ˈnurmi/
präkinä,/ˈprækinæ/
boravikko,/ˈborɑʋikːo/
rantave,/ˈrɑntɑʋe/
leipähammas,/ˈlei̯pæˌhɑmːɑs/
fartukki,/ˈfɑrtukːi/
orjamarjapehko,/ˈorjɑˌmɑrjɑˌpehko/
obidna,/ˈobidnɑ/
seitsen,/ˈsei̯t͡sen/
oktjabrin revolutsia,/ˈoktʲɑbrin ˈreʋolut͡siɑ/
konnikkain,/ˈkonːikːɑi̯ne/
laimia,/ˈlɑi̯miɑ/
vesirakko,/ˈʋesiˌrɑkːo/
kosjolain,/ˈkosjolɑi̯ne/
ihme,/ˈihme/
ägrämöin,/ˈæɡræmøi̯ne/
viitta,/ˈʋiːtːɑ/
merenvaahto,/ˈmerenˌʋɑːhto/
povvakas,/ˈpoʋːɑkɑs/
soolajärvi,/ˈsoːlɑˌjærʋi/
kirjo,/ˈkirjo/
lumi,/ˈlumi/
maaomena,/ˈmɑːˌomenɑ/
vaažnoimp,/ˈʋɑːʒnoi̯mpi/
koinvahti,/ˈko.inˌʋɑhti/
hupa,/ˈhupɑ/
enempää,/ˈenempæː/
hattarain,/ˈhɑtːɑrɑi̯ne/
jauhotella,/ˈjɑu̯hoˌtelːɑ/
komandira,/ˈkomɑndirɑ/
hoodra,/ˈhoːdrɑ/
kylpiä,/ˈkylpiæ/
meest,/ˈme.estæ/
kepsaa,/ˈkepsɑː/
kysymysforma,/ˈkysymysˌformɑ/
petruška,/ˈpetruʃkɑ/
poikia,/ˈpoi̯kijɑ/
kirjanahka,/ˈkirjɑˌnɑhkɑ/
pitkäkoipiin,/ˈpitkæˌkoi̯pine/
räkätauti,/ˈrækæˌtɑu̯ti/
huurre,/ˈhuːrːe/
silmäklasit,/ˈsilmæˌklɑsit/
miulle,/ˈmiu̯lːe/
prepositsia,/ˈpreposit͡siɑ/
kuudra,/ˈkuːdrɑ/
sottia,/ˈsotijɑ/
kiitta,/ˈkiːtːɑ/
yli-,/ˈyli-/
sissee,/ˈsiseː/
hyväntaholliin,/ˈhyʋænˌtɑholːine/
kaneppi,/ˈkɑnepːi/
pulmamees,/ˈpulmɑˌmeːs/
lucikkaismoru,/ˈlut͡ʃikːɑi̯sˌmoru/
öösiha,/ˈøːˌsihɑ/
kevätlumi,/ˈkeʋætˌlumi/
natta,/ˈnɑtːɑ/
lämmin,/ˈlæmːin/
voonnain,/ˈʋoːnːɑi̯ne/
huitsata,/ˈhui̯t͡sɑtɑ/
urraa,/ˈurːɑː/
korvantakkuus,/ˈkorʋɑnˌtɑkuːs/
leve,/ˈleʋe/
kulakka,/ˈkulɑkːɑ/
nevvoja,/ˈneʋːojɑ/
kotsena,/ˈkot͡senɑ/
kuva,/ˈkuʋɑ/
kiitolliin,/ˈkiːtːolːine/
saarniin,/ˈsɑːrniːn/
nokkatalja,/ˈnokːɑˌtɑljɑ/
veruttaa,/ˈʋerutːɑː/
koika,/ˈkoi̯kɑ/
seppola,/ˈsepːolɑ/
obidnaal,/ˈobidnɑlːɑ/
alaosa,/ˈɑlɑˌosɑ/
vesikäs,/ˈʋesikæs/
vaikka,/ˈʋɑi̯kːɑ/
seegloa,/ˈseːɡloɑ/
santimetra,/ˈsɑntiˌmetrɑ/
päälle,/ˈpæːlːe/
etemmälle,/ˈetemːælːe/
sostava,/ˈsostɑʋɑ/
santi-,/ˈsɑnti-/
krandašši,/ˈkrɑndɑʃːi/
gloobusa,/ˈɡloːbusɑ/
haarikas,/ˈhɑːrikɑs/
selkiäst,/ˈselkiæstæ/
kokkia,/ˈkokːijɑ/
kuvetuuli,/ˈkuʋeˌtuːli/
mockovatoi,/ˈmot͡ʃkoʋɑtoi̯/
selskoi,/ˈselskoi̯/
talloja,/ˈtɑlːojɑ/
velikunta,/ˈʋeliˌkuntɑ/
eriliin,/ˈeriline/
lapseel,/ˈlɑpselːɑ/
